<manifest><control namespace="MscrmControls.SampleEditorCustomControl" constructor="SampleEditorCustomControl" hidden="true" version="1.0.12" display-name-key="SampleEditorCustomControl" description-key="SampleEditorCustomControl" preview-image="imgs/preview.png"><modes><read /><edit /></modes><type-group name="strings"><type>SingleLine.Text</type><type>SingleLine.TextArea</type><type>Multiple</type></type-group><property name="value" display-name-key="CC_Field" description-key="CC_Field_Desc" of-type-group="strings" usage="bound" required="true" hidden="true" /><resources><library name="jquery" version="&gt;=2" order="1"><packaged_library path="libs/jquery-2.1.1.js" version="2.1.1" /></library><library name="jqueryui" version="&gt;=1" order="2"><packaged_library path="libs/jqueryui-1.11.4.js" version="1.11.4" /></library><library name="jsanity" version="&gt;=1" order="3"><packaged_library path="libs/jsanity.js" version="1.0.0" /></library><library name="Controls.Common" version="=1.0.12" order="4"><packaged_library path="libs/Controls.Common.js" version="1.0.12" /></library><library name="msmdmcommon" version="=1.0.12" order="5"><packaged_library path="libs/Common.js" version="1.0.12" /></library><library name="Editor" version="=1.0.12" order="6"><packaged_library path="libs/Editor.js" version="1.0.12" /></library><code path="SampleEditorCustomControl.js" order="7" /><css path="css/jquery-ui.css" order="8" /><css path="css/Editor.css" order="9" /><css path="css/SampleEditorCustomControl.css" order="10" /></resources></control></manifest>