<manifest><control namespace="MscrmControls.EmailTemplate" constructor="EmailTemplateSelectorControl" version="1.0.0" display-name-key="CC_EmailTemplateSelector_Name"><modes /><property name="activityType" display-name-key="CC_EmailTemplateSelectorControl_activityType" of-type="SingleLine.Text" usage="bound" required="true" hidden="true"><doc description-key="CC_EmailTemplateSelectorControl_activityType_Desc" /></property><property name="selectedTemplateId" display-name-key="CC_SelectEmailTemplateButton_SelectedTemplateId" of-type="Guid" usage="bound" required="true" hidden="true"><doc description-key="CC_SelectEmailTemplateButton_selectedTemplateId_Desc" /></property><property name="selectedTemplateTitle" display-name-key="CC_SelectEmailTemplateButton_SelectedTemplateTitle" of-type="SingleLine.Text" usage="bound" required="true" hidden="true"><doc description-key="CC_SelectEmailTemplateButton_selectedTemplateTitle_Desc" /></property><resources><code path="EmailTemplateSelector.js" order="1" /><resx path="strings/EmailTemplateSelectorControl.resx" version="1.0.0" /></resources></control></manifest>