<manifest><control namespace="MscrmControls.Suggestions" constructor="SuggestionsControl" version="1.0.3" display-name-key="SuggestionsControl" control-type="virtual" hidden="true"><modes><edit /><read /></modes><type-group name="text"><type>SingleLine.Text</type></type-group><property name="Value1" display-name-key="CC_Value1" description-key="CC_Value1_Desc" of-type-group="text" usage="bound" required="true" hidden="false" /><property name="ProductId" display-name-key="CC_ProductId" description-key="CC_value_1_desc" usage="bound" of-type-group="text" required="true" hidden="false" /><property name="PriceLevelId" display-name-key="CC_PriceLevelId" description-key="CC_value_1_desc" usage="bound" of-type-group="text" required="true" hidden="false" /><property name="EntityName" display-name-key="CC_EntityName" description-key="CC_value_1_desc" usage="bound" of-type-group="text" required="true" hidden="false" /><property name="EntityRecordId" display-name-key="CC_EntityRecordId" description-key="CC_value_1_desc" usage="bound" of-type-group="text" required="true" hidden="false" /><property name="ProductName" display-name-key="CC_ProductName" description-key="CC_value_1_desc" usage="bound" of-type-group="text" required="true" hidden="false" /><property name="ChildEntityName" display-name-key="CC_ChildEntityName" description-key="CC_value_1_desc" usage="bound" of-type-group="text" required="true" hidden="false" /><AvailableOn><phone /><tablet /></AvailableOn><resources><code path="SuggestionsControl.js" order="1" /><resx path="strings/SuggestionsControl.1033.resx" version="1.0.0" /><library name="ClientUtility" version="&gt;=1" order="2"><packaged_library path="ClientUtility.js" version="1.0.0" /></library><library name="TelemetryLibrary" version="&gt;=1" order="3"><packaged_library path="TelemetryLibrary.js" version="1.0.0" /></library><library name="FeatureTelemetry" version="&gt;=1" order="4"><packaged_library path="FeatureTelemetry.js" version="1.0.0" /></library></resources></control></manifest>