<manifest><control namespace="MscrmControls.EmailDelayDialogControl" constructor="DelayDialogControl" version="1.0.7048" display-name-key="CC_Delay_MDD" control-type="virtual"><modes></modes><type-group name="date"><type>DateAndTime.DateOnly</type><type>DateAndTime.DateAndTime</type></type-group><property name="id_delayedSendTime" display-name-key="CC_delayedSendTime" description-key="CC_delayedSendTime_Desc" of-type-group="date" usage="bound" required="true" hidden="false" /><property name="id_footerText" display-name-key="CC_footerText" description-key="CC_footerText_Desc" of-type="SingleLine.Text" usage="bound" required="true" hidden="false" /><property name="id_dateErrorText" display-name-key="CC_dateErrorText" description-key="CC_dateErrorText_Desc" of-type="SingleLine.Text" usage="bound" required="true" hidden="false" /><property name="id_lastButtonClicked" display-name-key="CC_lastButtonClicked" description-key="CC_lastButtonClicked_Desc" of-type="SingleLine.Text" usage="bound" required="true" hidden="false" /><property name="id_now" display-name-key="CC_Delay_Date_now" description-key="CC_Delay_Date_now_Desc" of-type-group="date" usage="bound" required="true" hidden="false" /><resources><library name="mscommon" version="&gt;=1" order="1"><packaged_library path="libs/mscommonlib-1.0.0.js" version="1.0.0" /></library><code path="EmailEngagementDelaySendDialogControl.js" order="2" /><resx path="strings/EmailEngagementDelaySendDialogControl.1033.resx" version="1.0.0" /></resources></control></manifest>