<manifest><control namespace="MscrmControls.ActivityPropagationOwnership" constructor="OwnershipControl" version="1.0.0" display-name-key="CC_Marketing_ActivityPropagationOwnership"><modes><read /><edit /></modes><property name="IsEmailActivity" display-name-key="CC_ActivityPropogationOwnershipOption_IsEmail" of-type="Whole.None" usage="bound" required="true" hidden="true"><doc description-key="CC_ActivityPropogationOwnershipOption_IsEmail_Desc" /></property><property name="OwnershipOption" display-name-key="CC_OwnershipOption" description-key="CC_OwnershipOption_Desc" usage="bound" of-type="Whole.None" required="false" hidden="false" /><property name="QueueId" display-name-key="CC_QueueId" description-key="CC_QueueId_Desc" usage="bound" of-type="Lookup.Simple" required="false" hidden="false" /><property name="OwnerId" display-name-key="CC_OwnerId" description-key="CC_OwnerId_Desc" usage="bound" of-type="Lookup.Owner" required="false" hidden="false" /><property name="CloseEmailActivity" display-name-key="CC_CloseEmailActivity" description-key="CC_CloseEmailActivity_Desc" usage="bound" of-type="Whole.None" required="false" hidden="false" /><property name="AddToQueue" display-name-key="CC_AddToQueue" description-key="CC_AddToQueue_Desc" usage="bound" of-type="Whole.None" required="false" hidden="false" /><resources><code path="ActivityPropagationOwnershipOptions.js" order="1" /><resx path="strings/ActivityPropagationOwnershipOptions.resx" version="1.0.0" /></resources></control></manifest>