<manifest><control namespace="MscrmControls.TalkingPointsControl" constructor="TalkingPoints" version="1.0.7097" display-name-key="TalkingPointsControl" control-type="virtual"><modes></modes><property name="fullname" display-name-key="CC_Icebreakers_fullname" description-key="CC_Icebreakers_fullname_Desc" of-type="SingleLine.Text" usage="bound" required="true" hidden="false" /><resources><library name="mscommon" version="&gt;=1" order="1"><packaged_library path="libs/mscommonlib-1.0.0.js" version="1.0.0" /></library><library name="moment" version="&gt;=1" order="2"><packaged_library path="libs/moment.min.js" version="1.0.0" /></library><library name="moment-with-locales" version="&gt;=1" order="3"><packaged_library path="libs/moment-with-locales.min.js" version="1.0.0" /></library><code path="TalkingPointsControl.js" order="4" /><resx path="strings/TalkingPoints.1033.resx" version="1.0.0" /></resources><AvailableOn><web classic="enable" /><phone /><tablet /></AvailableOn></control></manifest>