<manifest><control namespace="MscrmControls.Containers" constructor="SimilarCasesGridControl" version="1.0.2" display-name-key="CC_SimilarCases_GridControl_Name" control-type="virtual"><modes></modes><data-set name="SubGrid" display-name-key="CC_SimilarCases_SubGrid"><property-set name="SubGridParentId" display-name-key="CC_SimilarCases_SubGrid_ParentID" description-key="CC_SimilarCases_SubGrid_ParentID_Desc" of-type="Lookup.Simple" usage="bound" required="false" /></data-set><resources><library name="mscommon" version="&gt;=1" order="1"><packaged_library path="libs/mscommonlib-1.0.0.js" version="1.2.1" /></library><code path="SimilarCasesGridControl.js" order="2" /><resx path="locale/SimilarCasesGridControl.1033.resx" version="1.0.1" /></resources></control></manifest>