<manifest><control namespace="MscrmControls.EKSearch" constructor="EKSearchControl" version="1.0.1" display-name-key="CC_EmbeddedKnowledgeSearchControl" control-type="virtual"><modes></modes><resources><library name="FREShell" version="&gt;=1" order="1"><packaged_library path="libs/FREShell.js" version="1.0.0" /></library><code path="EmbeddedKnowledgeSearchControl.js" order="2" /><css path="css/EmbeddedKnowledgeSearchStyle.css" order="3" /><resx path="locale/EmbeddedKnowledgeSearchControl.1033.resx" version="1.0.0" /></resources></control></manifest>