<manifest><control namespace="MscrmControls.ContractCalendar" constructor="ContractCalendarControl" version="1.0.0" display-name-key="CC_ContractCalendar_Name" control-type="virtual"><modes></modes><AvailableOn><web classic="enable" /><phone /><tablet /></AvailableOn><property name="value" display-name-key="CC_ContractCalendarControl_Value" of-type="SingleLine.Text" usage="bound" required="true" hidden="false"><doc description-key="CC_ContractCalendarControl_Value_Desc" /></property><resources><library name="mscommon" version="&gt;=1.2.0" order="1"><packaged_library path="libs/mscommonlib-1.0.0.js" version="1.2.0" /></library><code path="ContractCalendarControl.js" order="2" /><resx path="strings/ContractCalendarControl.1033.resx" version="1.0.0" /></resources></control></manifest>