<manifest><control namespace="MscrmControls.EmailReminderControl" constructor="ReminderControl" version="1.0.7048" display-name-key="CC_Reminder_MDD" control-type="virtual"><modes><edit /><read /></modes><type-group name="date"><type>DateAndTime.DateOnly</type><type>DateAndTime.DateAndTime</type></type-group><property name="id_reminderDateSelected" display-name-key="CC_reminderDateSelected" description-key="CC_reminderDateSelected_Desc" of-type-group="date" usage="bound" required="true" hidden="false" /><property name="id_reminderOptionSelected" display-name-key="CC_reminderOptionSelected" description-key="CC_reminderOptionSelected_Desc" of-type="OptionSet" usage="bound" required="true" hidden="false" /><property name="id_reminderTextSelected" display-name-key="CC_reminderTextSelected" description-key="CC_reminderTextSelected_Desc" of-type="SingleLine.Text" usage="bound" required="true" hidden="false" /><property name="id_dateErrorText" display-name-key="CC_dateErrorText" description-key="CC_dateErrorText_Desc" of-type="SingleLine.Text" usage="input" required="true" hidden="false" /><property name="id_recipientName" display-name-key="CC_recipientName" description-key="CC_recipientName_Desc" of-type="SingleLine.Text" usage="input" required="true" hidden="false" /><property name="id_footerTextOption1_single_recipient" display-name-key="CC_footerTextOption1_single_recipient" description-key="CC_footerTextOption1_single_recipient_Desc" of-type="SingleLine.Text" usage="input" required="true" hidden="false" /><property name="id_footerTextOption1_ignore_recipient" display-name-key="CC_footerTextOption1_ignore_recipient" description-key="CC_footerTextOption1_ignore_recipient_Desc" of-type="SingleLine.Text" usage="input" required="true" hidden="false" /><property name="id_footerTextOption2_single_recipient" display-name-key="CC_footerTextOption2_single_recipient" description-key="CC_footerTextOption2_single_recipient_Desc" of-type="SingleLine.Text" usage="input" required="true" hidden="false" /><property name="id_footerTextOption2_ignore_recipient" display-name-key="CC_footerTextOption2_ignore_recipient" description-key="CC_footerTextOption2_ignore_recipient_Desc" of-type="SingleLine.Text" usage="input" required="true" hidden="false" /><property name="id_footerTextOption3" display-name-key="CC_footerTextOption3" description-key="CC_footerTextOption3_Desc" of-type="SingleLine.Text" usage="input" required="true" hidden="false" /><property name="id_invalidChoice" display-name-key="CC_invalidChoice" description-key="CC_invalidChoice_Desc" of-type="SingleLine.Text" usage="input" required="true" hidden="false" /><property name="id_isEmailFollowedValue" display-name-key="CC_isEmailFollowedValue" description-key="CC_isEmailFollowedValue_Desc" of-type="TwoOptions" usage="bound" required="true" hidden="false" /><property name="id_lastButtonClicked" display-name-key="CC_lastButtonClicked" description-key="CC_lastButtonClicked_Desc" of-type="SingleLine.Text" usage="bound" required="true" hidden="false" /><property name="id_now" display-name-key="CC_Reminder_Date_now" description-key="CC_Reminder_Date_now_Desc" of-type-group="date" usage="bound" required="true" hidden="false" /><resources><library name="mscommon" version="&gt;=1" order="1"><packaged_library path="libs/mscommonlib-1.0.0.js" version="1.0.0" /></library><code path="EmailEngagementReminderDialogControl.js" order="2" /><resx path="strings/EmailEngagementReminderDialogControl.1033.resx" version="1.0.0" /></resources></control></manifest>