<manifest><control namespace="MscrmControls.MailApp" constructor="MailAppListControl" version="1.0.1" display-name-key="CC_MailAppListControl" control-type="virtual"><modes><read /></modes><data-set name="Grid" display-name-key="CC_Grid_DSGrid"></data-set><property name="ListItemCommands" display-name-key="CC_MailApp_MailAppListItemCommands" description-key="CC_MailApp_MailAppListItemCommands_Desc" usage="input" of-type="SingleLine.Text" required="false" hidden="true" /><resources><code path="MailAppListControl.js" order="1" /><resx path="strings/MailAppListControl.1033.resx" version="1.0.0" /></resources></control></manifest>