<manifest><control namespace="MscrmControls.ConfigureSIControl" constructor="ConfigureSIControl" display-name-key="ConfigureSIControl" description-key="ConfigureSIControl" version="1.0.3"><property name="baseUrl" display-name-key="CC_SocialInsightsBaseUrl" description-key="CC_SocialInsightsBaseUrl_Desc" of-type="SingleLine.Text" usage="input" required="true" /><property name="topicId" display-name-key="CC_SocialInsightsTopicId" description-key="CC_SocialInsightsTopicId_Desc" of-type="SingleLine.Text" usage="bound" required="true" /><property name="widgetName" display-name-key="CC_SocialInsightsWidgetName" description-key="CC_SocialInsightsWidgetName_Desc" of-type="SingleLine.Text" usage="bound" required="true" /><resources><library name="jquery" version="&gt;=2" order="1"><packaged_library path="libs/jquery-2.1.1.js" version="2.1.1" /></library><library name="mscommon" version="&gt;=1" order="2"><packaged_library path="libs/mscommonlib-1.0.0.js" version="1.0.0" /></library><code path="ConfigureSIControl.js" order="5" /><css path="css/ConfigureSIControl.css" order="6" /><css path="css/ProgressBar.css" order="7" /><resx path="locale/SocialInsightsControl.1033.resx" version="1.0.2" /></resources></control></manifest>