<manifest><control namespace="MscrmControls.MailApp" constructor="MailAppHiddenDataCustomControl" version="1.0.2" display-name-key="CC_MailApp_Hidden_Data_Custom_Control" control-type="virtual" hidden="true"><modes></modes><property name="followedEmailCrmId" display-name-key="CC_MailApp_FollowedEmailCrmId_value" description-key="CC_MailApp_FollowedEmailCrmId_desc" of-type="SingleLine.Text" usage="output" required="false" hidden="true" /><resources><code path="MailAppHiddenDataCustomControl.js" order="1" /><resx path="strings/MailAppHiddenDataCustomControl.1033.resx" version="1.0.0" /></resources></control></manifest>