<ImportExportXml version="9.1.0.1646" SolutionPackageVersion="9.1" languagecode="1033" generatedBy="CrmLive" xmlns:xsi="http://www.w3.org/2001/XMLSchema-instance">
  <SolutionManifest>
    <UniqueName>SBMASolution</UniqueName>
    <LocalizedNames>
      <LocalizedName description="SBMA Solution" languagecode="1033" />
    </LocalizedNames>
    <Descriptions>
      <Description description="Upgrade of SBMA Solution" languagecode="1033" />
    </Descriptions>
    <Version>1.1.0.0</Version>
    <Managed>0</Managed>
    <Publisher>
      <UniqueName>sbmapulisher</UniqueName>
      <LocalizedNames>
        <LocalizedName description="SBMA Pulisher" languagecode="1033" />
      </LocalizedNames>
      <Descriptions />
      <EMailAddress xsi:nil="true"></EMailAddress>
      <SupportingWebsiteUrl xsi:nil="true"></SupportingWebsiteUrl>
      <CustomizationPrefix>sbma</CustomizationPrefix>
      <CustomizationOptionValuePrefix>64615</CustomizationOptionValuePrefix>
      <Addresses>
        <Address>
          <AddressNumber>1</AddressNumber>
          <AddressTypeCode>1</AddressTypeCode>
          <City xsi:nil="true"></City>
          <County xsi:nil="true"></County>
          <Country xsi:nil="true"></Country>
          <Fax xsi:nil="true"></Fax>
          <FreightTermsCode xsi:nil="true"></FreightTermsCode>
          <ImportSequenceNumber xsi:nil="true"></ImportSequenceNumber>
          <Latitude xsi:nil="true"></Latitude>
          <Line1 xsi:nil="true"></Line1>
          <Line2 xsi:nil="true"></Line2>
          <Line3 xsi:nil="true"></Line3>
          <Longitude xsi:nil="true"></Longitude>
          <Name xsi:nil="true"></Name>
          <PostalCode xsi:nil="true"></PostalCode>
          <PostOfficeBox xsi:nil="true"></PostOfficeBox>
          <PrimaryContactName xsi:nil="true"></PrimaryContactName>
          <ShippingMethodCode>1</ShippingMethodCode>
          <StateOrProvince xsi:nil="true"></StateOrProvince>
          <Telephone1 xsi:nil="true"></Telephone1>
          <Telephone2 xsi:nil="true"></Telephone2>
          <Telephone3 xsi:nil="true"></Telephone3>
          <TimeZoneRuleVersionNumber xsi:nil="true"></TimeZoneRuleVersionNumber>
          <UPSZone xsi:nil="true"></UPSZone>
          <UTCOffset xsi:nil="true"></UTCOffset>
          <UTCConversionTimeZoneCode xsi:nil="true"></UTCConversionTimeZoneCode>
        </Address>
        <Address>
          <AddressNumber>2</AddressNumber>
          <AddressTypeCode>1</AddressTypeCode>
          <City xsi:nil="true"></City>
          <County xsi:nil="true"></County>
          <Country xsi:nil="true"></Country>
          <Fax xsi:nil="true"></Fax>
          <FreightTermsCode xsi:nil="true"></FreightTermsCode>
          <ImportSequenceNumber xsi:nil="true"></ImportSequenceNumber>
          <Latitude xsi:nil="true"></Latitude>
          <Line1 xsi:nil="true"></Line1>
          <Line2 xsi:nil="true"></Line2>
          <Line3 xsi:nil="true"></Line3>
          <Longitude xsi:nil="true"></Longitude>
          <Name xsi:nil="true"></Name>
          <PostalCode xsi:nil="true"></PostalCode>
          <PostOfficeBox xsi:nil="true"></PostOfficeBox>
          <PrimaryContactName xsi:nil="true"></PrimaryContactName>
          <ShippingMethodCode>1</ShippingMethodCode>
          <StateOrProvince xsi:nil="true"></StateOrProvince>
          <Telephone1 xsi:nil="true"></Telephone1>
          <Telephone2 xsi:nil="true"></Telephone2>
          <Telephone3 xsi:nil="true"></Telephone3>
          <TimeZoneRuleVersionNumber xsi:nil="true"></TimeZoneRuleVersionNumber>
          <UPSZone xsi:nil="true"></UPSZone>
          <UTCOffset xsi:nil="true"></UTCOffset>
          <UTCConversionTimeZoneCode xsi:nil="true"></UTCConversionTimeZoneCode>
        </Address>
      </Addresses>
    </Publisher>
    <RootComponents>
      <RootComponent type="1" schemaName="account" behavior="0" />
      <RootComponent type="1" schemaName="contact" behavior="0" />
      <RootComponent type="1" schemaName="incident" behavior="0" />
      <RootComponent type="1" schemaName="incidentresolution" behavior="0" />
      <RootComponent type="1" schemaName="lead" behavior="0" />
      <RootComponent type="1" schemaName="product" behavior="0" />
      <RootComponent type="1" schemaName="sbma_event" behavior="0" />
      <RootComponent type="1" schemaName="sbma_eventaccommodation" behavior="0" />
      <RootComponent type="1" schemaName="sbma_eventprogram" behavior="0" />
      <RootComponent type="1" schemaName="sbma_eventregistration" behavior="0" />
      <RootComponent type="1" schemaName="sbma_eventvenue" behavior="0" />
      <RootComponent type="1" schemaName="sbma_memberbenefit" behavior="0" />
      <RootComponent type="1" schemaName="sbma_memberpayment" behavior="0" />
      <RootComponent type="1" schemaName="sbma_membershiptype" behavior="0" />
      <RootComponent type="1" schemaName="sbma_membersubscription" behavior="0" />
      <RootComponent type="1" schemaName="sbma_programvenue" behavior="0" />
      <RootComponent type="29" id="{18f6f2fc-96d6-47a2-8d4b-8d951fe1483b}" behavior="0" />
      <RootComponent type="29" id="{36736b36-e0b6-e811-a96d-000d3ae05e60}" behavior="0" />
      <RootComponent type="29" id="{3777d14c-f5b6-e811-a96d-000d3ae05e60}" behavior="0" />
      <RootComponent type="29" id="{ff37f37c-b0e1-e811-a971-000d3ad1caed}" behavior="0" />
      <RootComponent type="60" id="{06402160-930e-4ab8-90b0-36e1793a6662}" behavior="0" />
      <RootComponent type="60" id="{15915835-b87c-49ec-9ffc-bfac3ac44ef1}" behavior="0" />
      <RootComponent type="60" id="{1fed44d1-ae68-4a41-bd2b-f13acac4acfa}" behavior="0" />
      <RootComponent type="60" id="{2afb1415-3e07-46ec-8588-200a51cbe7ac}" behavior="0" />
      <RootComponent type="60" id="{485076d0-c878-444c-9f86-99c2dbe39c5a}" behavior="0" />
      <RootComponent type="60" id="{4a18501d-0c8b-4aeb-97fd-d1f9dcece028}" behavior="0" />
      <RootComponent type="60" id="{4a63c8d1-6c1e-48ec-9db4-3e6c7155334c}" behavior="0" />
      <RootComponent type="60" id="{4b1a3d14-bf24-4889-bfde-de954215c71b}" behavior="0" />
      <RootComponent type="60" id="{70ad8b15-e3f3-4d7d-9e4b-16cb4e51b484}" behavior="0" />
      <RootComponent type="60" id="{7c3f45ea-cfd7-4153-9644-2f3e2ed65410}" behavior="0" />
      <RootComponent type="60" id="{8448b78f-8f42-454e-8e2a-f8196b0419af}" behavior="0" />
      <RootComponent type="60" id="{9a14ebb4-143e-e711-80e1-00155d871bb4}" behavior="0" />
      <RootComponent type="60" id="{af15c3b6-c579-4830-b4e4-3c2d51c19936}" behavior="0" />
      <RootComponent type="60" id="{be8acd3e-6a2d-4593-a04e-702e83fde223}" behavior="0" />
      <RootComponent type="60" id="{d05ef56f-d71f-40b1-82e5-03ad5bf187f0}" behavior="0" />
      <RootComponent type="60" id="{e3b6ddb7-8df0-4410-ac7b-fd32e5053d38}" behavior="0" />
      <RootComponent type="60" id="{eb3748b8-5f90-4050-a039-8b7d279ad8fe}" behavior="0" />
      <RootComponent type="61" schemaName="sbma_commonjs" behavior="0" />
      <RootComponent type="61" schemaName="sbma_EventAccommodationLarge" behavior="0" />
      <RootComponent type="61" schemaName="sbma_EventAccommodationSmall" behavior="0" />
      <RootComponent type="61" schemaName="sbma_EventLarge" behavior="0" />
      <RootComponent type="61" schemaName="sbma_EventProgramLarge" behavior="0" />
      <RootComponent type="61" schemaName="sbma_EventProgramSmall" behavior="0" />
      <RootComponent type="61" schemaName="sbma_EventRegistrationLarge" behavior="0" />
      <RootComponent type="61" schemaName="sbma_EventRegistrationSmall" behavior="0" />
      <RootComponent type="61" schemaName="sbma_EventSmall" behavior="0" />
      <RootComponent type="61" schemaName="sbma_EventVenueLarge" behavior="0" />
      <RootComponent type="61" schemaName="sbma_EventVenueSmall" behavior="0" />
      <RootComponent type="61" schemaName="sbma_MemberBenefitLarge" behavior="0" />
      <RootComponent type="61" schemaName="sbma_MemberBenefitSmall" behavior="0" />
      <RootComponent type="61" schemaName="sbma_MemberPayment" behavior="0" />
      <RootComponent type="61" schemaName="sbma_MemberPaymentJs" behavior="0" />
      <RootComponent type="61" schemaName="sbma_MemberPaymentLarge" behavior="0" />
      <RootComponent type="61" schemaName="sbma_MemberPaymentSmall" behavior="0" />
      <RootComponent type="61" schemaName="sbma_MembershipTypeLargeIcon" behavior="0" />
      <RootComponent type="61" schemaName="sbma_MembershipTypeSmallIcon" behavior="0" />
      <RootComponent type="61" schemaName="sbma_MemberSuscriptionLarge" behavior="0" />
      <RootComponent type="61" schemaName="sbma_MemberSuscriptionSmall" behavior="0" />
      <RootComponent type="61" schemaName="sbma_ProgramVenuLarge" behavior="0" />
      <RootComponent type="61" schemaName="sbma_ProgramVenuSmall" behavior="0" />
    </RootComponents>
    <MissingDependencies>
      <MissingDependency>
        <Required key="0" type="1" schemaName="lead" displayName="Prospect" solution="msdynce_LeadManagement (9.0.4.0066)" />
        <Dependent key="0" type="1" schemaName="lead" displayName="Prospect" />
      </MissingDependency>
      <MissingDependency>
        <Required key="1" type="1" schemaName="incidentresolution" displayName="Case Resolution" solution="msdynce_Service (9.0.5.56)" />
        <Dependent key="1" type="1" schemaName="incidentresolution" displayName="Case Resolution" />
      </MissingDependency>
      <MissingDependency>
        <Required key="2" type="1" schemaName="incident" displayName="Service Request" solution="msdynce_Service (9.0.5.56)" />
        <Dependent key="2" type="1" schemaName="incident" displayName="Service Request" />
      </MissingDependency>
      <MissingDependency>
        <Required key="3" type="1" schemaName="product" displayName="Product" solution="msdynce_ProductManagement (9.0.4.0066)" />
        <Dependent key="3" type="1" schemaName="product" displayName="Product" />
      </MissingDependency>
      <MissingDependency>
        <Required key="1" type="1" schemaName="incidentresolution" displayName="Case Resolution" solution="msdynce_Service (9.0.5.56)" />
        <Dependent key="4" type="50" schemaName="incidentresolution:RibbonDiffXml" parentSchemaName="ribboncustomization" parentDisplayName="Application Ribbons" />
      </MissingDependency>
      <MissingDependency>
        <Required key="1" type="1" schemaName="incidentresolution" displayName="Case Resolution" solution="msdynce_Service (9.0.5.56)" />
        <Dependent key="5" type="2" schemaName="createdbyexternalpartyyominame" parentSchemaName="incidentresolution" parentDisplayName="Case Resolution" />
      </MissingDependency>
      <MissingDependency>
        <Required key="1" type="1" schemaName="incidentresolution" displayName="Case Resolution" solution="msdynce_Service (9.0.5.56)" />
        <Dependent key="6" type="2" schemaName="modifiedbyexternalpartyyominame" parentSchemaName="incidentresolution" parentDisplayName="Case Resolution" />
      </MissingDependency>
      <MissingDependency>
        <Required key="1" type="1" schemaName="incidentresolution" displayName="Case Resolution" solution="msdynce_Service (9.0.5.56)" />
        <Dependent key="7" type="2" schemaName="modifiedbyexternalpartyname" parentSchemaName="incidentresolution" parentDisplayName="Case Resolution" />
      </MissingDependency>
      <MissingDependency>
        <Required key="1" type="1" schemaName="incidentresolution" displayName="Case Resolution" solution="msdynce_Service (9.0.5.56)" />
        <Dependent key="8" type="2" schemaName="createdbyexternalpartyname" parentSchemaName="incidentresolution" parentDisplayName="Case Resolution" />
      </MissingDependency>
      <MissingDependency>
        <Required key="1" type="1" schemaName="incidentresolution" displayName="Case Resolution" solution="msdynce_Service (9.0.5.56)" />
        <Dependent key="9" type="2" schemaName="incidentidtype" parentSchemaName="incidentresolution" parentDisplayName="Case Resolution" />
      </MissingDependency>
      <MissingDependency>
        <Required key="1" type="1" schemaName="incidentresolution" displayName="Case Resolution" solution="msdynce_Service (9.0.5.56)" />
        <Dependent key="10" type="2" schemaName="incidentidname" parentSchemaName="incidentresolution" parentDisplayName="Case Resolution" />
      </MissingDependency>
      <MissingDependency>
        <Required key="11" type="1" schemaName="competitor" displayName="Competitor" solution="msdynce_Sales (9.0.4.0076)" />
        <Dependent key="12" type="60" displayName="Sales Insights" parentDisplayName="Prospect" id="{e1ec2c0c-1744-42fa-a346-fb8237357d0f}" />
      </MissingDependency>
      <MissingDependency>
        <Required key="13" type="1" schemaName="contract" displayName="Contract" solution="msdynce_Service (9.0.5.56)" />
        <Dependent key="14" type="60" displayName="Information" parentDisplayName="Service Request" id="{f658c846-f74c-459b-b591-b97558958106}" />
      </MissingDependency>
      <MissingDependency>
        <Required key="15" type="2" schemaName="defaultpricelevelid" displayName="Price List" parentSchemaName="contact" parentDisplayName="Contact" solution="msdynce_ProductManagement (9.0.4.0066)" />
        <Dependent key="16" type="60" displayName="Information" parentDisplayName="Contact" id="{894cc46a-b0cb-4ab0-8bf6-200544e46a2d}" />
      </MissingDependency>
      <MissingDependency>
        <Required key="17" type="2" schemaName="revenue" displayName="Annual Revenue" parentSchemaName="lead" parentDisplayName="Prospect" solution="msdynce_LeadManagement (9.0.4.0066)" />
        <Dependent key="12" type="60" displayName="Sales Insights" parentDisplayName="Prospect" id="{e1ec2c0c-1744-42fa-a346-fb8237357d0f}" />
      </MissingDependency>
      <MissingDependency>
        <Required key="17" type="2" schemaName="revenue" displayName="Annual Revenue" parentSchemaName="lead" parentDisplayName="Prospect" solution="msdynce_LeadManagement (9.0.4.0066)" />
        <Dependent key="18" type="60" displayName="Information" parentDisplayName="Prospect" id="{9886ead0-4fcc-4747-9a18-08e7a9a6de71}" />
      </MissingDependency>
      <MissingDependency>
        <Required key="19" type="2" schemaName="transactioncurrencyid" displayName="Currency" parentSchemaName="lead" parentDisplayName="Prospect" solution="msdynce_LeadManagement (9.0.4.0066)" />
        <Dependent key="12" type="60" displayName="Sales Insights" parentDisplayName="Prospect" id="{e1ec2c0c-1744-42fa-a346-fb8237357d0f}" />
      </MissingDependency>
      <MissingDependency>
        <Required key="19" type="2" schemaName="transactioncurrencyid" displayName="Currency" parentSchemaName="lead" parentDisplayName="Prospect" solution="msdynce_LeadManagement (9.0.4.0066)" />
        <Dependent key="18" type="60" displayName="Information" parentDisplayName="Prospect" id="{9886ead0-4fcc-4747-9a18-08e7a9a6de71}" />
      </MissingDependency>
      <MissingDependency>
        <Required key="20" type="2" schemaName="lastusedincampaign" displayName="Last Campaign Date" parentSchemaName="lead" parentDisplayName="Prospect" solution="msdynce_LeadManagement (9.0.4.0066)" />
        <Dependent key="12" type="60" displayName="Sales Insights" parentDisplayName="Prospect" id="{e1ec2c0c-1744-42fa-a346-fb8237357d0f}" />
      </MissingDependency>
      <MissingDependency>
        <Required key="20" type="2" schemaName="lastusedincampaign" displayName="Last Campaign Date" parentSchemaName="lead" parentDisplayName="Prospect" solution="msdynce_LeadManagement (9.0.4.0066)" />
        <Dependent key="18" type="60" displayName="Information" parentDisplayName="Prospect" id="{9886ead0-4fcc-4747-9a18-08e7a9a6de71}" />
      </MissingDependency>
      <MissingDependency>
        <Required key="21" type="2" schemaName="address1_line3" displayName="Street 3" parentSchemaName="lead" parentDisplayName="Prospect" solution="msdynce_LeadManagement (9.0.4.0066)" />
        <Dependent key="18" type="60" displayName="Information" parentDisplayName="Prospect" id="{9886ead0-4fcc-4747-9a18-08e7a9a6de71}" />
      </MissingDependency>
      <MissingDependency>
        <Required key="22" type="2" schemaName="productserialnumber" displayName="Serial Number" parentSchemaName="incident" parentDisplayName="Service Request" solution="msdynce_Service (9.0.5.56)" />
        <Dependent key="14" type="60" displayName="Information" parentDisplayName="Service Request" id="{f658c846-f74c-459b-b591-b97558958106}" />
      </MissingDependency>
      <MissingDependency>
        <Required key="23" type="2" schemaName="statuscode" displayName="Status Reason" parentSchemaName="incident" parentDisplayName="Service Request" solution="msdynce_Service (9.0.5.56)" />
        <Dependent key="14" type="60" displayName="Information" parentDisplayName="Service Request" id="{f658c846-f74c-459b-b591-b97558958106}" />
      </MissingDependency>
      <MissingDependency>
        <Required key="24" type="2" schemaName="telephone3" displayName="Other Phone" parentSchemaName="lead" parentDisplayName="Prospect" solution="msdynce_LeadManagement (9.0.4.0066)" />
        <Dependent key="18" type="60" displayName="Information" parentDisplayName="Prospect" id="{9886ead0-4fcc-4747-9a18-08e7a9a6de71}" />
      </MissingDependency>
      <MissingDependency>
        <Required key="25" type="2" schemaName="telephone2" displayName="Home Phone" parentSchemaName="lead" parentDisplayName="Prospect" solution="msdynce_LeadManagement (9.0.4.0066)" />
        <Dependent key="18" type="60" displayName="Information" parentDisplayName="Prospect" id="{9886ead0-4fcc-4747-9a18-08e7a9a6de71}" />
      </MissingDependency>
      <MissingDependency>
        <Required key="26" type="2" schemaName="originatingleadid" displayName="Originating Lead" parentSchemaName="contact" parentDisplayName="Contact" solution="msdynce_LeadManagement (9.0.4.0066)" />
        <Dependent key="16" type="60" displayName="Information" parentDisplayName="Contact" id="{894cc46a-b0cb-4ab0-8bf6-200544e46a2d}" />
      </MissingDependency>
      <MissingDependency>
        <Required key="27" type="2" schemaName="originatingleadid" displayName="Originating Lead" parentSchemaName="account" parentDisplayName="Member" solution="msdynce_LeadManagement (9.0.4.0066)" />
        <Dependent key="28" type="60" displayName="Information" parentDisplayName="Member" id="{b053a39a-041a-4356-acef-ddf00182762b}" />
      </MissingDependency>
      <MissingDependency>
        <Required key="29" type="2" schemaName="subjectid" displayName="Subject" parentSchemaName="incident" parentDisplayName="Service Request" solution="msdynce_Service (9.0.5.56)" />
        <Dependent key="14" type="60" displayName="Information" parentDisplayName="Service Request" id="{f658c846-f74c-459b-b591-b97558958106}" />
      </MissingDependency>
      <MissingDependency>
        <Required key="30" type="2" schemaName="donotemail" displayName="Do not allow Emails" parentSchemaName="lead" parentDisplayName="Prospect" solution="msdynce_LeadManagement (9.0.4.0066)" />
        <Dependent key="12" type="60" displayName="Sales Insights" parentDisplayName="Prospect" id="{e1ec2c0c-1744-42fa-a346-fb8237357d0f}" />
      </MissingDependency>
      <MissingDependency>
        <Required key="30" type="2" schemaName="donotemail" displayName="Do not allow Emails" parentSchemaName="lead" parentDisplayName="Prospect" solution="msdynce_LeadManagement (9.0.4.0066)" />
        <Dependent key="18" type="60" displayName="Information" parentDisplayName="Prospect" id="{9886ead0-4fcc-4747-9a18-08e7a9a6de71}" />
      </MissingDependency>
      <MissingDependency>
        <Required key="31" type="2" schemaName="contractid" displayName="Contract" parentSchemaName="incident" parentDisplayName="Service Request" solution="msdynce_Service (9.0.5.56)" />
        <Dependent key="14" type="60" displayName="Information" parentDisplayName="Service Request" id="{f658c846-f74c-459b-b591-b97558958106}" />
      </MissingDependency>
      <MissingDependency>
        <Required key="32" type="2" schemaName="preferredcontactmethodcode" displayName="Preferred Method of Contact" parentSchemaName="lead" parentDisplayName="Prospect" solution="msdynce_LeadManagement (9.0.4.0066)" />
        <Dependent key="18" type="60" displayName="Information" parentDisplayName="Prospect" id="{9886ead0-4fcc-4747-9a18-08e7a9a6de71}" />
      </MissingDependency>
      <MissingDependency>
        <Required key="32" type="2" schemaName="preferredcontactmethodcode" displayName="Preferred Method of Contact" parentSchemaName="lead" parentDisplayName="Prospect" solution="msdynce_LeadManagement (9.0.4.0066)" />
        <Dependent key="12" type="60" displayName="Sales Insights" parentDisplayName="Prospect" id="{e1ec2c0c-1744-42fa-a346-fb8237357d0f}" />
      </MissingDependency>
      <MissingDependency>
        <Required key="33" type="2" schemaName="caseorigincode" displayName="Origin" parentSchemaName="incident" parentDisplayName="Service Request" solution="msdynce_Service (9.0.5.56)" />
        <Dependent key="14" type="60" displayName="Information" parentDisplayName="Service Request" id="{f658c846-f74c-459b-b591-b97558958106}" />
      </MissingDependency>
      <MissingDependency>
        <Required key="34" type="2" schemaName="donotphone" displayName="Do not allow Phone Calls" parentSchemaName="lead" parentDisplayName="Prospect" solution="msdynce_LeadManagement (9.0.4.0066)" />
        <Dependent key="18" type="60" displayName="Information" parentDisplayName="Prospect" id="{9886ead0-4fcc-4747-9a18-08e7a9a6de71}" />
      </MissingDependency>
      <MissingDependency>
        <Required key="34" type="2" schemaName="donotphone" displayName="Do not allow Phone Calls" parentSchemaName="lead" parentDisplayName="Prospect" solution="msdynce_LeadManagement (9.0.4.0066)" />
        <Dependent key="12" type="60" displayName="Sales Insights" parentDisplayName="Prospect" id="{e1ec2c0c-1744-42fa-a346-fb8237357d0f}" />
      </MissingDependency>
      <MissingDependency>
        <Required key="35" type="2" schemaName="kbarticleid" displayName="Knowledge Base Article" parentSchemaName="incident" parentDisplayName="Service Request" solution="msdynce_Service (9.0.5.56)" />
        <Dependent key="14" type="60" displayName="Information" parentDisplayName="Service Request" id="{f658c846-f74c-459b-b591-b97558958106}" />
      </MissingDependency>
      <MissingDependency>
        <Required key="36" type="2" schemaName="industrycode" displayName="Industry" parentSchemaName="lead" parentDisplayName="Prospect" solution="msdynce_LeadManagement (9.0.4.0066)" />
        <Dependent key="12" type="60" displayName="Sales Insights" parentDisplayName="Prospect" id="{e1ec2c0c-1744-42fa-a346-fb8237357d0f}" />
      </MissingDependency>
      <MissingDependency>
        <Required key="36" type="2" schemaName="industrycode" displayName="Industry" parentSchemaName="lead" parentDisplayName="Prospect" solution="msdynce_LeadManagement (9.0.4.0066)" />
        <Dependent key="18" type="60" displayName="Information" parentDisplayName="Prospect" id="{9886ead0-4fcc-4747-9a18-08e7a9a6de71}" />
      </MissingDependency>
      <MissingDependency>
        <Required key="37" type="2" schemaName="firstname" displayName="First Name" parentSchemaName="lead" parentDisplayName="Prospect" solution="msdynce_LeadManagement (9.0.4.0066)" />
        <Dependent key="18" type="60" displayName="Information" parentDisplayName="Prospect" id="{9886ead0-4fcc-4747-9a18-08e7a9a6de71}" />
      </MissingDependency>
      <MissingDependency>
        <Required key="38" type="2" schemaName="campaignid" displayName="Source Campaign" parentSchemaName="lead" parentDisplayName="Prospect" solution="msdynce_Marketing (9.0.4.37)" />
        <Dependent key="18" type="60" displayName="Information" parentDisplayName="Prospect" id="{9886ead0-4fcc-4747-9a18-08e7a9a6de71}" />
      </MissingDependency>
      <MissingDependency>
        <Required key="39" type="2" schemaName="prioritycode" displayName="Priority" parentSchemaName="incident" parentDisplayName="Service Request" solution="msdynce_Service (9.0.5.56)" />
        <Dependent key="40" type="26" schemaName="Cases I Follow" displayName="Cases I Follow" parentSchemaName="incident" parentDisplayName="Service Request" id="{54949c89-5d90-e011-95ae-00155d9cfa02}" />
      </MissingDependency>
      <MissingDependency>
        <Required key="39" type="2" schemaName="prioritycode" displayName="Priority" parentSchemaName="incident" parentDisplayName="Service Request" solution="msdynce_Service (9.0.5.56)" />
        <Dependent key="14" type="60" displayName="Information" parentDisplayName="Service Request" id="{f658c846-f74c-459b-b591-b97558958106}" />
      </MissingDependency>
      <MissingDependency>
        <Required key="39" type="2" schemaName="prioritycode" displayName="Priority" parentSchemaName="incident" parentDisplayName="Service Request" solution="msdynce_Service (9.0.5.56)" />
        <Dependent key="41" type="26" schemaName="Cases Being Followed" displayName="Cases Being Followed" parentSchemaName="incident" parentDisplayName="Service Request" id="{54949c89-5d90-e011-95ae-00155d9cfa03}" />
      </MissingDependency>
      <MissingDependency>
        <Required key="42" type="2" schemaName="sic" displayName="SIC Code" parentSchemaName="lead" parentDisplayName="Prospect" solution="msdynce_LeadManagement (9.0.4.0066)" />
        <Dependent key="18" type="60" displayName="Information" parentDisplayName="Prospect" id="{9886ead0-4fcc-4747-9a18-08e7a9a6de71}" />
      </MissingDependency>
      <MissingDependency>
        <Required key="42" type="2" schemaName="sic" displayName="SIC Code" parentSchemaName="lead" parentDisplayName="Prospect" solution="msdynce_LeadManagement (9.0.4.0066)" />
        <Dependent key="12" type="60" displayName="Sales Insights" parentDisplayName="Prospect" id="{e1ec2c0c-1744-42fa-a346-fb8237357d0f}" />
      </MissingDependency>
      <MissingDependency>
        <Required key="43" type="2" schemaName="pager" displayName="Pager" parentSchemaName="lead" parentDisplayName="Prospect" solution="msdynce_LeadManagement (9.0.4.0066)" />
        <Dependent key="18" type="60" displayName="Information" parentDisplayName="Prospect" id="{9886ead0-4fcc-4747-9a18-08e7a9a6de71}" />
      </MissingDependency>
      <MissingDependency>
        <Required key="44" type="2" schemaName="lastname" displayName="Last Name" parentSchemaName="lead" parentDisplayName="Prospect" solution="msdynce_LeadManagement (9.0.4.0066)" />
        <Dependent key="18" type="60" displayName="Information" parentDisplayName="Prospect" id="{9886ead0-4fcc-4747-9a18-08e7a9a6de71}" />
      </MissingDependency>
      <MissingDependency>
        <Required key="45" type="2" schemaName="address1_stateorprovince" displayName="State/Province" parentSchemaName="lead" parentDisplayName="Prospect" solution="msdynce_LeadManagement (9.0.4.0066)" />
        <Dependent key="18" type="60" displayName="Information" parentDisplayName="Prospect" id="{9886ead0-4fcc-4747-9a18-08e7a9a6de71}" />
      </MissingDependency>
      <MissingDependency>
        <Required key="46" type="2" schemaName="donotsendmm" displayName="Marketing Material" parentSchemaName="lead" parentDisplayName="Prospect" solution="msdynce_LeadManagement (9.0.4.0066)" />
        <Dependent key="12" type="60" displayName="Sales Insights" parentDisplayName="Prospect" id="{e1ec2c0c-1744-42fa-a346-fb8237357d0f}" />
      </MissingDependency>
      <MissingDependency>
        <Required key="46" type="2" schemaName="donotsendmm" displayName="Marketing Material" parentSchemaName="lead" parentDisplayName="Prospect" solution="msdynce_LeadManagement (9.0.4.0066)" />
        <Dependent key="18" type="60" displayName="Information" parentDisplayName="Prospect" id="{9886ead0-4fcc-4747-9a18-08e7a9a6de71}" />
      </MissingDependency>
      <MissingDependency>
        <Required key="47" type="2" schemaName="leadqualitycode" displayName="Rating" parentSchemaName="lead" parentDisplayName="Prospect" solution="msdynce_LeadManagement (9.0.4.0066)" />
        <Dependent key="18" type="60" displayName="Information" parentDisplayName="Prospect" id="{9886ead0-4fcc-4747-9a18-08e7a9a6de71}" />
      </MissingDependency>
      <MissingDependency>
        <Required key="47" type="2" schemaName="leadqualitycode" displayName="Rating" parentSchemaName="lead" parentDisplayName="Prospect" solution="msdynce_LeadManagement (9.0.4.0066)" />
        <Dependent key="12" type="60" displayName="Sales Insights" parentDisplayName="Prospect" id="{e1ec2c0c-1744-42fa-a346-fb8237357d0f}" />
      </MissingDependency>
      <MissingDependency>
        <Required key="48" type="2" schemaName="emailaddress1" displayName="Email" parentSchemaName="lead" parentDisplayName="Prospect" solution="msdynce_LeadManagement (9.0.4.0066)" />
        <Dependent key="18" type="60" displayName="Information" parentDisplayName="Prospect" id="{9886ead0-4fcc-4747-9a18-08e7a9a6de71}" />
      </MissingDependency>
      <MissingDependency>
        <Required key="48" type="2" schemaName="emailaddress1" displayName="Email" parentSchemaName="lead" parentDisplayName="Prospect" solution="msdynce_LeadManagement (9.0.4.0066)" />
        <Dependent key="12" type="60" displayName="Sales Insights" parentDisplayName="Prospect" id="{e1ec2c0c-1744-42fa-a346-fb8237357d0f}" />
      </MissingDependency>
      <MissingDependency>
        <Required key="49" type="2" schemaName="createdon" displayName="Created On" parentSchemaName="lead" parentDisplayName="Prospect" solution="msdynce_LeadManagement (9.0.4.0066)" />
        <Dependent key="50" type="26" schemaName="Leads I Follow" displayName="Leads I Follow" parentSchemaName="lead" parentDisplayName="Prospect" id="{d603107c-5e90-e011-95ae-00155d9cfa02}" />
      </MissingDependency>
      <MissingDependency>
        <Required key="49" type="2" schemaName="createdon" displayName="Created On" parentSchemaName="lead" parentDisplayName="Prospect" solution="msdynce_LeadManagement (9.0.4.0066)" />
        <Dependent key="51" type="60" displayName="Leads Dashboard" parentDisplayName="Prospect" id="{9a14ebb4-143e-e711-80e1-00155d871bb4}" />
      </MissingDependency>
      <MissingDependency>
        <Required key="49" type="2" schemaName="createdon" displayName="Created On" parentSchemaName="lead" parentDisplayName="Prospect" solution="msdynce_LeadManagement (9.0.4.0066)" />
        <Dependent key="52" type="26" schemaName="Leads Being Followed" displayName="Leads Being Followed" parentSchemaName="lead" parentDisplayName="Prospect" id="{d603107c-5e90-e011-95ae-00155d9cfa03}" />
      </MissingDependency>
      <MissingDependency>
        <Required key="53" type="2" schemaName="subject" displayName="Topic" parentSchemaName="lead" parentDisplayName="Prospect" solution="msdynce_LeadManagement (9.0.4.0066)" />
        <Dependent key="12" type="60" displayName="Sales Insights" parentDisplayName="Prospect" id="{e1ec2c0c-1744-42fa-a346-fb8237357d0f}" />
      </MissingDependency>
      <MissingDependency>
        <Required key="53" type="2" schemaName="subject" displayName="Topic" parentSchemaName="lead" parentDisplayName="Prospect" solution="msdynce_LeadManagement (9.0.4.0066)" />
        <Dependent key="52" type="26" schemaName="Leads Being Followed" displayName="Leads Being Followed" parentSchemaName="lead" parentDisplayName="Prospect" id="{d603107c-5e90-e011-95ae-00155d9cfa03}" />
      </MissingDependency>
      <MissingDependency>
        <Required key="53" type="2" schemaName="subject" displayName="Topic" parentSchemaName="lead" parentDisplayName="Prospect" solution="msdynce_LeadManagement (9.0.4.0066)" />
        <Dependent key="50" type="26" schemaName="Leads I Follow" displayName="Leads I Follow" parentSchemaName="lead" parentDisplayName="Prospect" id="{d603107c-5e90-e011-95ae-00155d9cfa02}" />
      </MissingDependency>
      <MissingDependency>
        <Required key="53" type="2" schemaName="subject" displayName="Topic" parentSchemaName="lead" parentDisplayName="Prospect" solution="msdynce_LeadManagement (9.0.4.0066)" />
        <Dependent key="18" type="60" displayName="Information" parentDisplayName="Prospect" id="{9886ead0-4fcc-4747-9a18-08e7a9a6de71}" />
      </MissingDependency>
      <MissingDependency>
        <Required key="54" type="2" schemaName="casetypecode" displayName="Case Type" parentSchemaName="incident" parentDisplayName="Service Request" solution="msdynce_Service (9.0.5.56)" />
        <Dependent key="14" type="60" displayName="Information" parentDisplayName="Service Request" id="{f658c846-f74c-459b-b591-b97558958106}" />
      </MissingDependency>
      <MissingDependency>
        <Required key="55" type="2" schemaName="fax" displayName="Fax" parentSchemaName="lead" parentDisplayName="Prospect" solution="msdynce_LeadManagement (9.0.4.0066)" />
        <Dependent key="18" type="60" displayName="Information" parentDisplayName="Prospect" id="{9886ead0-4fcc-4747-9a18-08e7a9a6de71}" />
      </MissingDependency>
      <MissingDependency>
        <Required key="56" type="2" schemaName="salutation" displayName="Salutation" parentSchemaName="lead" parentDisplayName="Prospect" solution="msdynce_LeadManagement (9.0.4.0066)" />
        <Dependent key="18" type="60" displayName="Information" parentDisplayName="Prospect" id="{9886ead0-4fcc-4747-9a18-08e7a9a6de71}" />
      </MissingDependency>
      <MissingDependency>
        <Required key="57" type="2" schemaName="defaultpricelevelid" displayName="Price List" parentSchemaName="account" parentDisplayName="Member" solution="msdynce_ProductManagement (9.0.4.0066)" />
        <Dependent key="28" type="60" displayName="Information" parentDisplayName="Member" id="{b053a39a-041a-4356-acef-ddf00182762b}" />
      </MissingDependency>
      <MissingDependency>
        <Required key="58" type="2" schemaName="territoryid" displayName="Territory" parentSchemaName="account" parentDisplayName="Member" solution="msdynce_Sales (9.0.4.0076)" />
        <Dependent key="28" type="60" displayName="Information" parentDisplayName="Member" id="{b053a39a-041a-4356-acef-ddf00182762b}" />
      </MissingDependency>
      <MissingDependency>
        <Required key="59" type="2" schemaName="address1_composite" displayName="Address 1" parentSchemaName="lead" parentDisplayName="Prospect" solution="msdynce_LeadManagement (9.0.4.0066)" />
        <Dependent key="12" type="60" displayName="Sales Insights" parentDisplayName="Prospect" id="{e1ec2c0c-1744-42fa-a346-fb8237357d0f}" />
      </MissingDependency>
      <MissingDependency>
        <Required key="60" type="2" schemaName="ticketnumber" displayName="Case Number" parentSchemaName="incident" parentDisplayName="Service Request" solution="msdynce_Service (9.0.5.56)" />
        <Dependent key="41" type="26" schemaName="Cases Being Followed" displayName="Cases Being Followed" parentSchemaName="incident" parentDisplayName="Service Request" id="{54949c89-5d90-e011-95ae-00155d9cfa03}" />
      </MissingDependency>
      <MissingDependency>
        <Required key="60" type="2" schemaName="ticketnumber" displayName="Case Number" parentSchemaName="incident" parentDisplayName="Service Request" solution="msdynce_Service (9.0.5.56)" />
        <Dependent key="40" type="26" schemaName="Cases I Follow" displayName="Cases I Follow" parentSchemaName="incident" parentDisplayName="Service Request" id="{54949c89-5d90-e011-95ae-00155d9cfa02}" />
      </MissingDependency>
      <MissingDependency>
        <Required key="61" type="2" schemaName="fullname" displayName="Name" parentSchemaName="lead" parentDisplayName="Prospect" solution="msdynce_LeadManagement (9.0.4.0066)" />
        <Dependent key="50" type="26" schemaName="Leads I Follow" displayName="Leads I Follow" parentSchemaName="lead" parentDisplayName="Prospect" id="{d603107c-5e90-e011-95ae-00155d9cfa02}" />
      </MissingDependency>
      <MissingDependency>
        <Required key="61" type="2" schemaName="fullname" displayName="Name" parentSchemaName="lead" parentDisplayName="Prospect" solution="msdynce_LeadManagement (9.0.4.0066)" />
        <Dependent key="12" type="60" displayName="Sales Insights" parentDisplayName="Prospect" id="{e1ec2c0c-1744-42fa-a346-fb8237357d0f}" />
      </MissingDependency>
      <MissingDependency>
        <Required key="61" type="2" schemaName="fullname" displayName="Name" parentSchemaName="lead" parentDisplayName="Prospect" solution="msdynce_LeadManagement (9.0.4.0066)" />
        <Dependent key="52" type="26" schemaName="Leads Being Followed" displayName="Leads Being Followed" parentSchemaName="lead" parentDisplayName="Prospect" id="{d603107c-5e90-e011-95ae-00155d9cfa03}" />
      </MissingDependency>
      <MissingDependency>
        <Required key="62" type="2" schemaName="cc" displayName="CC" parentSchemaName="incidentresolution" parentDisplayName="Case Resolution" solution="msdynce_Service (9.0.5.56)" />
        <Dependent key="62" type="2" schemaName="cc" displayName="CC" parentSchemaName="incidentresolution" parentDisplayName="Case Resolution" />
      </MissingDependency>
      <MissingDependency>
        <Required key="63" type="2" schemaName="companyname" displayName="Company Name" parentSchemaName="lead" parentDisplayName="Prospect" solution="msdynce_LeadManagement (9.0.4.0066)" />
        <Dependent key="18" type="60" displayName="Information" parentDisplayName="Prospect" id="{9886ead0-4fcc-4747-9a18-08e7a9a6de71}" />
      </MissingDependency>
      <MissingDependency>
        <Required key="63" type="2" schemaName="companyname" displayName="Company Name" parentSchemaName="lead" parentDisplayName="Prospect" solution="msdynce_LeadManagement (9.0.4.0066)" />
        <Dependent key="12" type="60" displayName="Sales Insights" parentDisplayName="Prospect" id="{e1ec2c0c-1744-42fa-a346-fb8237357d0f}" />
      </MissingDependency>
      <MissingDependency>
        <Required key="64" type="2" schemaName="productid" displayName="Product" parentSchemaName="incident" parentDisplayName="Service Request" solution="msdynce_Service (9.0.5.56)" />
        <Dependent key="14" type="60" displayName="Information" parentDisplayName="Service Request" id="{f658c846-f74c-459b-b591-b97558958106}" />
      </MissingDependency>
      <MissingDependency>
        <Required key="65" type="2" schemaName="statecode" displayName="Status" parentSchemaName="lead" parentDisplayName="Prospect" solution="msdynce_LeadManagement (9.0.4.0066)" />
        <Dependent key="52" type="26" schemaName="Leads Being Followed" displayName="Leads Being Followed" parentSchemaName="lead" parentDisplayName="Prospect" id="{d603107c-5e90-e011-95ae-00155d9cfa03}" />
      </MissingDependency>
      <MissingDependency>
        <Required key="65" type="2" schemaName="statecode" displayName="Status" parentSchemaName="lead" parentDisplayName="Prospect" solution="msdynce_LeadManagement (9.0.4.0066)" />
        <Dependent key="50" type="26" schemaName="Leads I Follow" displayName="Leads I Follow" parentSchemaName="lead" parentDisplayName="Prospect" id="{d603107c-5e90-e011-95ae-00155d9cfa02}" />
      </MissingDependency>
      <MissingDependency>
        <Required key="66" type="2" schemaName="customersatisfactioncode" displayName="Satisfaction" parentSchemaName="incident" parentDisplayName="Service Request" solution="msdynce_Service (9.0.5.56)" />
        <Dependent key="14" type="60" displayName="Information" parentDisplayName="Service Request" id="{f658c846-f74c-459b-b591-b97558958106}" />
      </MissingDependency>
      <MissingDependency>
        <Required key="67" type="2" schemaName="description" displayName="Description" parentSchemaName="lead" parentDisplayName="Prospect" solution="msdynce_LeadManagement (9.0.4.0066)" />
        <Dependent key="18" type="60" displayName="Information" parentDisplayName="Prospect" id="{9886ead0-4fcc-4747-9a18-08e7a9a6de71}" />
      </MissingDependency>
      <MissingDependency>
        <Required key="67" type="2" schemaName="description" displayName="Description" parentSchemaName="lead" parentDisplayName="Prospect" solution="msdynce_LeadManagement (9.0.4.0066)" />
        <Dependent key="12" type="60" displayName="Sales Insights" parentDisplayName="Prospect" id="{e1ec2c0c-1744-42fa-a346-fb8237357d0f}" />
      </MissingDependency>
      <MissingDependency>
        <Required key="68" type="2" schemaName="ownerid" displayName="Owner" parentSchemaName="incident" parentDisplayName="Service Request" solution="msdynce_Service (9.0.5.56)" />
        <Dependent key="14" type="60" displayName="Information" parentDisplayName="Service Request" id="{f658c846-f74c-459b-b591-b97558958106}" />
      </MissingDependency>
      <MissingDependency>
        <Required key="69" type="2" schemaName="followemail" displayName="Follow Email Activity" parentSchemaName="lead" parentDisplayName="Prospect" solution="msdynce_LeadManagement (9.0.4.0066)" />
        <Dependent key="18" type="60" displayName="Information" parentDisplayName="Prospect" id="{9886ead0-4fcc-4747-9a18-08e7a9a6de71}" />
      </MissingDependency>
      <MissingDependency>
        <Required key="69" type="2" schemaName="followemail" displayName="Follow Email Activity" parentSchemaName="lead" parentDisplayName="Prospect" solution="msdynce_LeadManagement (9.0.4.0066)" />
        <Dependent key="12" type="60" displayName="Sales Insights" parentDisplayName="Prospect" id="{e1ec2c0c-1744-42fa-a346-fb8237357d0f}" />
      </MissingDependency>
      <MissingDependency>
        <Required key="70" type="2" schemaName="statuscode" displayName="Status Reason" parentSchemaName="lead" parentDisplayName="Prospect" solution="msdynce_LeadManagement (9.0.4.0066)" />
        <Dependent key="52" type="26" schemaName="Leads Being Followed" displayName="Leads Being Followed" parentSchemaName="lead" parentDisplayName="Prospect" id="{d603107c-5e90-e011-95ae-00155d9cfa03}" />
      </MissingDependency>
      <MissingDependency>
        <Required key="70" type="2" schemaName="statuscode" displayName="Status Reason" parentSchemaName="lead" parentDisplayName="Prospect" solution="msdynce_LeadManagement (9.0.4.0066)" />
        <Dependent key="12" type="60" displayName="Sales Insights" parentDisplayName="Prospect" id="{e1ec2c0c-1744-42fa-a346-fb8237357d0f}" />
      </MissingDependency>
      <MissingDependency>
        <Required key="70" type="2" schemaName="statuscode" displayName="Status Reason" parentSchemaName="lead" parentDisplayName="Prospect" solution="msdynce_LeadManagement (9.0.4.0066)" />
        <Dependent key="18" type="60" displayName="Information" parentDisplayName="Prospect" id="{9886ead0-4fcc-4747-9a18-08e7a9a6de71}" />
      </MissingDependency>
      <MissingDependency>
        <Required key="70" type="2" schemaName="statuscode" displayName="Status Reason" parentSchemaName="lead" parentDisplayName="Prospect" solution="msdynce_LeadManagement (9.0.4.0066)" />
        <Dependent key="50" type="26" schemaName="Leads I Follow" displayName="Leads I Follow" parentSchemaName="lead" parentDisplayName="Prospect" id="{d603107c-5e90-e011-95ae-00155d9cfa02}" />
      </MissingDependency>
      <MissingDependency>
        <Required key="71" type="2" schemaName="createdon" displayName="Created On" parentSchemaName="incident" parentDisplayName="Service Request" solution="msdynce_Service (9.0.5.56)" />
        <Dependent key="72" type="60" displayName="Cases Dashboard" parentDisplayName="Service Request" id="{eb3748b8-5f90-4050-a039-8b7d279ad8fe}" />
      </MissingDependency>
      <MissingDependency>
        <Required key="71" type="2" schemaName="createdon" displayName="Created On" parentSchemaName="incident" parentDisplayName="Service Request" solution="msdynce_Service (9.0.5.56)" />
        <Dependent key="40" type="26" schemaName="Cases I Follow" displayName="Cases I Follow" parentSchemaName="incident" parentDisplayName="Service Request" id="{54949c89-5d90-e011-95ae-00155d9cfa02}" />
      </MissingDependency>
      <MissingDependency>
        <Required key="71" type="2" schemaName="createdon" displayName="Created On" parentSchemaName="incident" parentDisplayName="Service Request" solution="msdynce_Service (9.0.5.56)" />
        <Dependent key="41" type="26" schemaName="Cases Being Followed" displayName="Cases Being Followed" parentSchemaName="incident" parentDisplayName="Service Request" id="{54949c89-5d90-e011-95ae-00155d9cfa03}" />
      </MissingDependency>
      <MissingDependency>
        <Required key="73" type="2" schemaName="statecode" displayName="Status" parentSchemaName="incident" parentDisplayName="Service Request" solution="msdynce_Service (9.0.5.56)" />
        <Dependent key="41" type="26" schemaName="Cases Being Followed" displayName="Cases Being Followed" parentSchemaName="incident" parentDisplayName="Service Request" id="{54949c89-5d90-e011-95ae-00155d9cfa03}" />
      </MissingDependency>
      <MissingDependency>
        <Required key="73" type="2" schemaName="statecode" displayName="Status" parentSchemaName="incident" parentDisplayName="Service Request" solution="msdynce_Service (9.0.5.56)" />
        <Dependent key="40" type="26" schemaName="Cases I Follow" displayName="Cases I Follow" parentSchemaName="incident" parentDisplayName="Service Request" id="{54949c89-5d90-e011-95ae-00155d9cfa02}" />
      </MissingDependency>
      <MissingDependency>
        <Required key="74" type="2" schemaName="customerid" displayName="Customer" parentSchemaName="incident" parentDisplayName="Service Request" solution="msdynce_Service (9.0.5.56)" />
        <Dependent key="74" type="2" schemaName="customerid" displayName="Customer" parentSchemaName="incident" parentDisplayName="Service Request" />
      </MissingDependency>
      <MissingDependency>
        <Required key="74" type="2" schemaName="customerid" displayName="Customer" parentSchemaName="incident" parentDisplayName="Service Request" solution="msdynce_Service (9.0.5.56)" />
        <Dependent key="14" type="60" displayName="Information" parentDisplayName="Service Request" id="{f658c846-f74c-459b-b591-b97558958106}" />
      </MissingDependency>
      <MissingDependency>
        <Required key="75" type="2" schemaName="address1_city" displayName="City" parentSchemaName="lead" parentDisplayName="Prospect" solution="msdynce_LeadManagement (9.0.4.0066)" />
        <Dependent key="18" type="60" displayName="Information" parentDisplayName="Prospect" id="{9886ead0-4fcc-4747-9a18-08e7a9a6de71}" />
      </MissingDependency>
      <MissingDependency>
        <Required key="76" type="2" schemaName="address1_postalcode" displayName="ZIP/Postal Code" parentSchemaName="lead" parentDisplayName="Prospect" solution="msdynce_LeadManagement (9.0.4.0066)" />
        <Dependent key="18" type="60" displayName="Information" parentDisplayName="Prospect" id="{9886ead0-4fcc-4747-9a18-08e7a9a6de71}" />
      </MissingDependency>
      <MissingDependency>
        <Required key="77" type="2" schemaName="contractdetailid" displayName="Contract Line" parentSchemaName="incident" parentDisplayName="Service Request" solution="msdynce_Service (9.0.5.56)" />
        <Dependent key="14" type="60" displayName="Information" parentDisplayName="Service Request" id="{f658c846-f74c-459b-b591-b97558958106}" />
      </MissingDependency>
      <MissingDependency>
        <Required key="78" type="2" schemaName="followupby" displayName="Follow Up By" parentSchemaName="incident" parentDisplayName="Service Request" solution="msdynce_Service (9.0.5.56)" />
        <Dependent key="14" type="60" displayName="Information" parentDisplayName="Service Request" id="{f658c846-f74c-459b-b591-b97558958106}" />
      </MissingDependency>
      <MissingDependency>
        <Required key="79" type="2" schemaName="websiteurl" displayName="Website" parentSchemaName="lead" parentDisplayName="Prospect" solution="msdynce_LeadManagement (9.0.4.0066)" />
        <Dependent key="12" type="60" displayName="Sales Insights" parentDisplayName="Prospect" id="{e1ec2c0c-1744-42fa-a346-fb8237357d0f}" />
      </MissingDependency>
      <MissingDependency>
        <Required key="79" type="2" schemaName="websiteurl" displayName="Website" parentSchemaName="lead" parentDisplayName="Prospect" solution="msdynce_LeadManagement (9.0.4.0066)" />
        <Dependent key="18" type="60" displayName="Information" parentDisplayName="Prospect" id="{9886ead0-4fcc-4747-9a18-08e7a9a6de71}" />
      </MissingDependency>
      <MissingDependency>
        <Required key="80" type="2" schemaName="contractservicelevelcode" displayName="Service Level" parentSchemaName="incident" parentDisplayName="Service Request" solution="msdynce_Service (9.0.5.56)" />
        <Dependent key="14" type="60" displayName="Information" parentDisplayName="Service Request" id="{f658c846-f74c-459b-b591-b97558958106}" />
      </MissingDependency>
      <MissingDependency>
        <Required key="81" type="2" schemaName="donotpostalmail" displayName="Do not allow Mails" parentSchemaName="lead" parentDisplayName="Prospect" solution="msdynce_LeadManagement (9.0.4.0066)" />
        <Dependent key="18" type="60" displayName="Information" parentDisplayName="Prospect" id="{9886ead0-4fcc-4747-9a18-08e7a9a6de71}" />
      </MissingDependency>
      <MissingDependency>
        <Required key="81" type="2" schemaName="donotpostalmail" displayName="Do not allow Mails" parentSchemaName="lead" parentDisplayName="Prospect" solution="msdynce_LeadManagement (9.0.4.0066)" />
        <Dependent key="12" type="60" displayName="Sales Insights" parentDisplayName="Prospect" id="{e1ec2c0c-1744-42fa-a346-fb8237357d0f}" />
      </MissingDependency>
      <MissingDependency>
        <Required key="82" type="2" schemaName="numberofemployees" displayName="No. of Employees" parentSchemaName="lead" parentDisplayName="Prospect" solution="msdynce_LeadManagement (9.0.4.0066)" />
        <Dependent key="12" type="60" displayName="Sales Insights" parentDisplayName="Prospect" id="{e1ec2c0c-1744-42fa-a346-fb8237357d0f}" />
      </MissingDependency>
      <MissingDependency>
        <Required key="82" type="2" schemaName="numberofemployees" displayName="No. of Employees" parentSchemaName="lead" parentDisplayName="Prospect" solution="msdynce_LeadManagement (9.0.4.0066)" />
        <Dependent key="18" type="60" displayName="Information" parentDisplayName="Prospect" id="{9886ead0-4fcc-4747-9a18-08e7a9a6de71}" />
      </MissingDependency>
      <MissingDependency>
        <Required key="83" type="2" schemaName="address1_country" displayName="Country/Region" parentSchemaName="lead" parentDisplayName="Prospect" solution="msdynce_LeadManagement (9.0.4.0066)" />
        <Dependent key="18" type="60" displayName="Information" parentDisplayName="Prospect" id="{9886ead0-4fcc-4747-9a18-08e7a9a6de71}" />
      </MissingDependency>
      <MissingDependency>
        <Required key="84" type="2" schemaName="telephone1" displayName="Business Phone" parentSchemaName="lead" parentDisplayName="Prospect" solution="msdynce_LeadManagement (9.0.4.0066)" />
        <Dependent key="18" type="60" displayName="Information" parentDisplayName="Prospect" id="{9886ead0-4fcc-4747-9a18-08e7a9a6de71}" />
      </MissingDependency>
      <MissingDependency>
        <Required key="84" type="2" schemaName="telephone1" displayName="Business Phone" parentSchemaName="lead" parentDisplayName="Prospect" solution="msdynce_LeadManagement (9.0.4.0066)" />
        <Dependent key="12" type="60" displayName="Sales Insights" parentDisplayName="Prospect" id="{e1ec2c0c-1744-42fa-a346-fb8237357d0f}" />
      </MissingDependency>
      <MissingDependency>
        <Required key="85" type="2" schemaName="title" displayName="Case Title" parentSchemaName="incident" parentDisplayName="Service Request" solution="msdynce_Service (9.0.5.56)" />
        <Dependent key="41" type="26" schemaName="Cases Being Followed" displayName="Cases Being Followed" parentSchemaName="incident" parentDisplayName="Service Request" id="{54949c89-5d90-e011-95ae-00155d9cfa03}" />
      </MissingDependency>
      <MissingDependency>
        <Required key="85" type="2" schemaName="title" displayName="Case Title" parentSchemaName="incident" parentDisplayName="Service Request" solution="msdynce_Service (9.0.5.56)" />
        <Dependent key="40" type="26" schemaName="Cases I Follow" displayName="Cases I Follow" parentSchemaName="incident" parentDisplayName="Service Request" id="{54949c89-5d90-e011-95ae-00155d9cfa02}" />
      </MissingDependency>
      <MissingDependency>
        <Required key="85" type="2" schemaName="title" displayName="Case Title" parentSchemaName="incident" parentDisplayName="Service Request" solution="msdynce_Service (9.0.5.56)" />
        <Dependent key="14" type="60" displayName="Information" parentDisplayName="Service Request" id="{f658c846-f74c-459b-b591-b97558958106}" />
      </MissingDependency>
      <MissingDependency>
        <Required key="86" type="2" schemaName="preferredserviceid" displayName="Preferred Service" parentSchemaName="contact" parentDisplayName="Contact" solution="msdynce_Service (9.0.5.56)" />
        <Dependent key="16" type="60" displayName="Information" parentDisplayName="Contact" id="{894cc46a-b0cb-4ab0-8bf6-200544e46a2d}" />
      </MissingDependency>
      <MissingDependency>
        <Required key="87" type="2" schemaName="leadsourcecode" displayName="Lead Source" parentSchemaName="lead" parentDisplayName="Prospect" solution="msdynce_LeadManagement (9.0.4.0066)" />
        <Dependent key="12" type="60" displayName="Sales Insights" parentDisplayName="Prospect" id="{e1ec2c0c-1744-42fa-a346-fb8237357d0f}" />
      </MissingDependency>
      <MissingDependency>
        <Required key="87" type="2" schemaName="leadsourcecode" displayName="Lead Source" parentSchemaName="lead" parentDisplayName="Prospect" solution="msdynce_LeadManagement (9.0.4.0066)" />
        <Dependent key="18" type="60" displayName="Information" parentDisplayName="Prospect" id="{9886ead0-4fcc-4747-9a18-08e7a9a6de71}" />
      </MissingDependency>
      <MissingDependency>
        <Required key="88" type="2" schemaName="incidentid" displayName="Case" parentSchemaName="incident" parentDisplayName="Service Request" solution="msdynce_Service (9.0.5.56)" />
        <Dependent key="40" type="26" schemaName="Cases I Follow" displayName="Cases I Follow" parentSchemaName="incident" parentDisplayName="Service Request" id="{54949c89-5d90-e011-95ae-00155d9cfa02}" />
      </MissingDependency>
      <MissingDependency>
        <Required key="88" type="2" schemaName="incidentid" displayName="Case" parentSchemaName="incident" parentDisplayName="Service Request" solution="msdynce_Service (9.0.5.56)" />
        <Dependent key="41" type="26" schemaName="Cases Being Followed" displayName="Cases Being Followed" parentSchemaName="incident" parentDisplayName="Service Request" id="{54949c89-5d90-e011-95ae-00155d9cfa03}" />
      </MissingDependency>
      <MissingDependency>
        <Required key="89" type="2" schemaName="mobilephone" displayName="Mobile Phone" parentSchemaName="lead" parentDisplayName="Prospect" solution="msdynce_LeadManagement (9.0.4.0066)" />
        <Dependent key="18" type="60" displayName="Information" parentDisplayName="Prospect" id="{9886ead0-4fcc-4747-9a18-08e7a9a6de71}" />
      </MissingDependency>
      <MissingDependency>
        <Required key="89" type="2" schemaName="mobilephone" displayName="Mobile Phone" parentSchemaName="lead" parentDisplayName="Prospect" solution="msdynce_LeadManagement (9.0.4.0066)" />
        <Dependent key="12" type="60" displayName="Sales Insights" parentDisplayName="Prospect" id="{e1ec2c0c-1744-42fa-a346-fb8237357d0f}" />
      </MissingDependency>
      <MissingDependency>
        <Required key="90" type="2" schemaName="donotfax" displayName="Do not allow Faxes" parentSchemaName="lead" parentDisplayName="Prospect" solution="msdynce_LeadManagement (9.0.4.0066)" />
        <Dependent key="18" type="60" displayName="Information" parentDisplayName="Prospect" id="{9886ead0-4fcc-4747-9a18-08e7a9a6de71}" />
      </MissingDependency>
      <MissingDependency>
        <Required key="91" type="2" schemaName="address1_line2" displayName="Street 2" parentSchemaName="lead" parentDisplayName="Prospect" solution="msdynce_LeadManagement (9.0.4.0066)" />
        <Dependent key="18" type="60" displayName="Information" parentDisplayName="Prospect" id="{9886ead0-4fcc-4747-9a18-08e7a9a6de71}" />
      </MissingDependency>
      <MissingDependency>
        <Required key="92" type="2" schemaName="address1_line1" displayName="Street 1" parentSchemaName="lead" parentDisplayName="Prospect" solution="msdynce_LeadManagement (9.0.4.0066)" />
        <Dependent key="18" type="60" displayName="Information" parentDisplayName="Prospect" id="{9886ead0-4fcc-4747-9a18-08e7a9a6de71}" />
      </MissingDependency>
      <MissingDependency>
        <Required key="93" type="2" schemaName="leadid" displayName="Lead" parentSchemaName="lead" parentDisplayName="Prospect" solution="msdynce_LeadManagement (9.0.4.0066)" />
        <Dependent key="50" type="26" schemaName="Leads I Follow" displayName="Leads I Follow" parentSchemaName="lead" parentDisplayName="Prospect" id="{d603107c-5e90-e011-95ae-00155d9cfa02}" />
      </MissingDependency>
      <MissingDependency>
        <Required key="93" type="2" schemaName="leadid" displayName="Lead" parentSchemaName="lead" parentDisplayName="Prospect" solution="msdynce_LeadManagement (9.0.4.0066)" />
        <Dependent key="52" type="26" schemaName="Leads Being Followed" displayName="Leads Being Followed" parentSchemaName="lead" parentDisplayName="Prospect" id="{d603107c-5e90-e011-95ae-00155d9cfa03}" />
      </MissingDependency>
      <MissingDependency>
        <Required key="94" type="2" schemaName="ownerid" displayName="Owner" parentSchemaName="lead" parentDisplayName="Prospect" solution="msdynce_LeadManagement (9.0.4.0066)" />
        <Dependent key="12" type="60" displayName="Sales Insights" parentDisplayName="Prospect" id="{e1ec2c0c-1744-42fa-a346-fb8237357d0f}" />
      </MissingDependency>
      <MissingDependency>
        <Required key="94" type="2" schemaName="ownerid" displayName="Owner" parentSchemaName="lead" parentDisplayName="Prospect" solution="msdynce_LeadManagement (9.0.4.0066)" />
        <Dependent key="52" type="26" schemaName="Leads Being Followed" displayName="Leads Being Followed" parentSchemaName="lead" parentDisplayName="Prospect" id="{d603107c-5e90-e011-95ae-00155d9cfa03}" />
      </MissingDependency>
      <MissingDependency>
        <Required key="94" type="2" schemaName="ownerid" displayName="Owner" parentSchemaName="lead" parentDisplayName="Prospect" solution="msdynce_LeadManagement (9.0.4.0066)" />
        <Dependent key="18" type="60" displayName="Information" parentDisplayName="Prospect" id="{9886ead0-4fcc-4747-9a18-08e7a9a6de71}" />
      </MissingDependency>
      <MissingDependency>
        <Required key="94" type="2" schemaName="ownerid" displayName="Owner" parentSchemaName="lead" parentDisplayName="Prospect" solution="msdynce_LeadManagement (9.0.4.0066)" />
        <Dependent key="50" type="26" schemaName="Leads I Follow" displayName="Leads I Follow" parentSchemaName="lead" parentDisplayName="Prospect" id="{d603107c-5e90-e011-95ae-00155d9cfa02}" />
      </MissingDependency>
      <MissingDependency>
        <Required key="95" type="2" schemaName="preferredequipmentid" displayName="Preferred Facility/Equipment" parentSchemaName="contact" parentDisplayName="Contact" solution="msdynce_Service (9.0.5.56)" />
        <Dependent key="16" type="60" displayName="Information" parentDisplayName="Contact" id="{894cc46a-b0cb-4ab0-8bf6-200544e46a2d}" />
      </MissingDependency>
      <MissingDependency>
        <Required key="96" type="2" schemaName="jobtitle" displayName="Job Title" parentSchemaName="lead" parentDisplayName="Prospect" solution="msdynce_LeadManagement (9.0.4.0066)" />
        <Dependent key="12" type="60" displayName="Sales Insights" parentDisplayName="Prospect" id="{e1ec2c0c-1744-42fa-a346-fb8237357d0f}" />
      </MissingDependency>
      <MissingDependency>
        <Required key="96" type="2" schemaName="jobtitle" displayName="Job Title" parentSchemaName="lead" parentDisplayName="Prospect" solution="msdynce_LeadManagement (9.0.4.0066)" />
        <Dependent key="18" type="60" displayName="Information" parentDisplayName="Prospect" id="{9886ead0-4fcc-4747-9a18-08e7a9a6de71}" />
      </MissingDependency>
      <MissingDependency>
        <Required key="97" type="2" schemaName="donotbulkemail" displayName="Do not allow Bulk Emails" parentSchemaName="lead" parentDisplayName="Prospect" solution="msdynce_LeadManagement (9.0.4.0066)" />
        <Dependent key="12" type="60" displayName="Sales Insights" parentDisplayName="Prospect" id="{e1ec2c0c-1744-42fa-a346-fb8237357d0f}" />
      </MissingDependency>
      <MissingDependency>
        <Required key="97" type="2" schemaName="donotbulkemail" displayName="Do not allow Bulk Emails" parentSchemaName="lead" parentDisplayName="Prospect" solution="msdynce_LeadManagement (9.0.4.0066)" />
        <Dependent key="18" type="60" displayName="Information" parentDisplayName="Prospect" id="{9886ead0-4fcc-4747-9a18-08e7a9a6de71}" />
      </MissingDependency>
      <MissingDependency>
        <Required key="98" type="2" schemaName="bcc" displayName="BCC" parentSchemaName="incidentresolution" parentDisplayName="Case Resolution" solution="msdynce_Service (9.0.5.56)" />
        <Dependent key="98" type="2" schemaName="bcc" displayName="BCC" parentSchemaName="incidentresolution" parentDisplayName="Case Resolution" />
      </MissingDependency>
      <MissingDependency>
        <Required key="99" type="2" schemaName="optionalattendees" displayName="Optional Attendees" parentSchemaName="incidentresolution" parentDisplayName="Case Resolution" solution="msdynce_Service (9.0.5.56)" />
        <Dependent key="99" type="2" schemaName="optionalattendees" displayName="Optional Attendees" parentSchemaName="incidentresolution" parentDisplayName="Case Resolution" />
      </MissingDependency>
      <MissingDependency>
        <Required key="100" type="2" schemaName="requiredattendees" displayName="Required Attendees" parentSchemaName="incidentresolution" parentDisplayName="Case Resolution" solution="msdynce_Service (9.0.5.56)" />
        <Dependent key="100" type="2" schemaName="requiredattendees" displayName="Required Attendees" parentSchemaName="incidentresolution" parentDisplayName="Case Resolution" />
      </MissingDependency>
      <MissingDependency>
        <Required key="101" type="2" schemaName="from" displayName="From" parentSchemaName="incidentresolution" parentDisplayName="Case Resolution" solution="msdynce_Service (9.0.5.56)" />
        <Dependent key="101" type="2" schemaName="from" displayName="From" parentSchemaName="incidentresolution" parentDisplayName="Case Resolution" />
      </MissingDependency>
      <MissingDependency>
        <Required key="102" type="2" schemaName="to" displayName="To" parentSchemaName="incidentresolution" parentDisplayName="Case Resolution" solution="msdynce_Service (9.0.5.56)" />
        <Dependent key="102" type="2" schemaName="to" displayName="To" parentSchemaName="incidentresolution" parentDisplayName="Case Resolution" />
      </MissingDependency>
      <MissingDependency>
        <Required key="103" type="2" schemaName="resources" displayName="Resources" parentSchemaName="incidentresolution" parentDisplayName="Case Resolution" solution="msdynce_Service (9.0.5.56)" />
        <Dependent key="103" type="2" schemaName="resources" displayName="Resources" parentSchemaName="incidentresolution" parentDisplayName="Case Resolution" />
      </MissingDependency>
      <MissingDependency>
        <Required key="104" type="26" schemaName="All Contacts" displayName="All Contacts" parentSchemaName="contact" parentDisplayName="Contact" solution="msdynce_AppCommon (9.0.4.0066)" id="{0d5d377b-5e7c-47b5-bab1-a5cb8b4ac105}" />
        <Dependent key="105" type="60" displayName="Contacts Dashboard" parentDisplayName="Contact" id="{70ad8b15-e3f3-4d7d-9e4b-16cb4e51b484}" />
      </MissingDependency>
      <MissingDependency>
        <Required key="106" type="26" schemaName="My Active Cases" displayName="My Active Cases" parentSchemaName="incident" parentDisplayName="Service Request" solution="msdynce_Service (9.0.5.56)" id="{00000000-0000-0000-00aa-000010001028}" />
        <Dependent key="72" type="60" displayName="Cases Dashboard" parentDisplayName="Service Request" id="{eb3748b8-5f90-4050-a039-8b7d279ad8fe}" />
      </MissingDependency>
      <MissingDependency>
        <Required key="106" type="26" schemaName="My Active Cases" displayName="My Active Cases" parentSchemaName="incident" parentDisplayName="Service Request" solution="msdynce_Service (9.0.5.56)" id="{00000000-0000-0000-00aa-000010001028}" />
        <Dependent key="107" type="60" displayName="Contact" parentDisplayName="Contact" id="{1fed44d1-ae68-4a41-bd2b-f13acac4acfa}" />
      </MissingDependency>
      <MissingDependency>
        <Required key="108" type="26" schemaName="My Resolved Cases" displayName="My Resolved Cases" parentSchemaName="incident" parentDisplayName="Service Request" solution="msdynce_Service (9.0.5.56)" id="{00000000-0000-0000-00aa-000010001029}" />
        <Dependent key="72" type="60" displayName="Cases Dashboard" parentDisplayName="Service Request" id="{eb3748b8-5f90-4050-a039-8b7d279ad8fe}" />
      </MissingDependency>
      <MissingDependency>
        <Required key="109" type="26" schemaName="Active Products Lookup View" displayName="Active Products Lookup View" parentSchemaName="product" parentDisplayName="Product" solution="msdynce_ProductManagement (9.0.4.0066)" id="{58afc3c5-8add-4552-98cb-473bc8f75619}" />
        <Dependent key="14" type="60" displayName="Information" parentDisplayName="Service Request" id="{f658c846-f74c-459b-b591-b97558958106}" />
      </MissingDependency>
      <MissingDependency>
        <Required key="110" type="26" schemaName="Recent Cases" displayName="Recent Cases" parentSchemaName="incident" parentDisplayName="Service Request" solution="msdynce_Service (9.0.5.56)" id="{ebd1d24a-eea7-e211-9fb6-00155dd0ea05}" />
        <Dependent key="107" type="60" displayName="Contact" parentDisplayName="Contact" id="{1fed44d1-ae68-4a41-bd2b-f13acac4acfa}" />
      </MissingDependency>
      <MissingDependency>
        <Required key="111" type="26" schemaName="All Accounts" displayName="All Accounts" parentSchemaName="account" parentDisplayName="Member" solution="msdynce_AppCommon (9.0.4.0066)" id="{65ffaf9a-e8c5-432d-860b-32f841b00d87}" />
        <Dependent key="112" type="60" displayName="Accounts Dashboard" parentDisplayName="Member" id="{15915835-b87c-49ec-9ffc-bfac3ac44ef1}" />
      </MissingDependency>
      <MissingDependency>
        <Required key="113" type="26" schemaName="My Open Leads" displayName="My Open Leads" parentSchemaName="lead" parentDisplayName="Prospect" solution="msdynce_LeadManagement (9.0.4.0066)" id="{00000000-0000-0000-00aa-000010001005}" />
        <Dependent key="51" type="60" displayName="Leads Dashboard" parentDisplayName="Prospect" id="{9a14ebb4-143e-e711-80e1-00155d871bb4}" />
      </MissingDependency>
      <MissingDependency>
        <Required key="114" type="26" schemaName="Open Leads" displayName="Open Leads" parentSchemaName="lead" parentDisplayName="Prospect" solution="msdynce_LeadManagement (9.0.4.0066)" id="{00000000-0000-0000-00aa-000010001006}" />
        <Dependent key="51" type="60" displayName="Leads Dashboard" parentDisplayName="Prospect" id="{9a14ebb4-143e-e711-80e1-00155d871bb4}" />
      </MissingDependency>
      <MissingDependency>
        <Required key="115" type="26" schemaName="Closed Leads" displayName="Closed Leads" parentSchemaName="lead" parentDisplayName="Prospect" solution="msdynce_LeadManagement (9.0.4.0066)" id="{00000000-0000-0000-00aa-000010001009}" />
        <Dependent key="51" type="60" displayName="Leads Dashboard" parentDisplayName="Prospect" id="{9a14ebb4-143e-e711-80e1-00155d871bb4}" />
      </MissingDependency>
      <MissingDependency>
        <Required key="116" type="26" schemaName="All Cases for Customer" displayName="All Cases for Customer" parentSchemaName="incident" parentDisplayName="Service Request" solution="msdynce_Service (9.0.5.56)" id="{00000000-0000-0000-00aa-000010001039}" />
        <Dependent key="117" type="60" displayName="Account" parentDisplayName="Member" id="{8448b78f-8f42-454e-8e2a-f8196b0419af}" />
      </MissingDependency>
      <MissingDependency>
        <Required key="118" type="26" schemaName="All Leads" displayName="All Leads" parentSchemaName="lead" parentDisplayName="Prospect" solution="msdynce_LeadManagement (9.0.4.0066)" id="{5a926b99-3a5f-df11-ae90-00155d2e3002}" />
        <Dependent key="51" type="60" displayName="Leads Dashboard" parentDisplayName="Prospect" id="{9a14ebb4-143e-e711-80e1-00155d871bb4}" />
      </MissingDependency>
      <MissingDependency>
        <Required key="119" type="26" schemaName="Active Cases" displayName="Active Cases" parentSchemaName="incident" parentDisplayName="Service Request" solution="msdynce_Service (9.0.5.56)" id="{00000000-0000-0000-00aa-000010001032}" />
        <Dependent key="72" type="60" displayName="Cases Dashboard" parentDisplayName="Service Request" id="{eb3748b8-5f90-4050-a039-8b7d279ad8fe}" />
      </MissingDependency>
      <MissingDependency>
        <Required key="120" type="26" schemaName="Contract Line With Allotments" displayName="Contract Line With Allotments" parentSchemaName="contractdetail" parentDisplayName="Contract Line" solution="msdynce_Service (9.0.5.56)" id="{8fa2705c-7e4c-4c0e-b611-4593b35a4c9e}" />
        <Dependent key="14" type="60" displayName="Information" parentDisplayName="Service Request" id="{f658c846-f74c-459b-b591-b97558958106}" />
      </MissingDependency>
      <MissingDependency>
        <Required key="121" type="26" schemaName="Active Services" displayName="Active Services" parentSchemaName="service" parentDisplayName="Service" solution="msdynce_Service (9.0.5.56)" id="{2bd4de5e-a7b4-4f5d-8fde-eb3b62d8e2b2}" />
        <Dependent key="16" type="60" displayName="Information" parentDisplayName="Contact" id="{894cc46a-b0cb-4ab0-8bf6-200544e46a2d}" />
      </MissingDependency>
      <MissingDependency>
        <Required key="122" type="26" schemaName="Active Contracts" displayName="Active Contracts" parentSchemaName="contract" parentDisplayName="Contract" solution="msdynce_Service (9.0.5.56)" id="{646de3ee-ebfb-4d19-8a44-4a619505e188}" />
        <Dependent key="14" type="60" displayName="Information" parentDisplayName="Service Request" id="{f658c846-f74c-459b-b591-b97558958106}" />
      </MissingDependency>
      <MissingDependency>
        <Required key="123" type="26" schemaName="All Competitors (summary)" displayName="All Competitors (summary)" parentSchemaName="competitor" parentDisplayName="Competitor" solution="msdynce_Sales (9.0.4.0076)" id="{57bca9ac-87a0-4c28-adc8-2d0a4645f29e}" />
        <Dependent key="12" type="60" displayName="Sales Insights" parentDisplayName="Prospect" id="{e1ec2c0c-1744-42fa-a346-fb8237357d0f}" />
      </MissingDependency>
      <MissingDependency>
        <Required key="124" type="59" schemaName="Cases by SLA Status Over Week" displayName="Cases by SLA Status Over Week" parentSchemaName="incident" parentDisplayName="Service Request" solution="msdynce_Service (9.0.5.56)" id="{997cbf5a-1c09-4990-b174-a8ef1530092b}" />
        <Dependent key="72" type="60" displayName="Cases Dashboard" parentDisplayName="Service Request" id="{eb3748b8-5f90-4050-a039-8b7d279ad8fe}" />
      </MissingDependency>
      <MissingDependency>
        <Required key="125" type="59" schemaName="Case Mix (By Business Unit)" displayName="Case Mix (By Business Unit)" parentSchemaName="incident" parentDisplayName="Service Request" solution="msdynce_Service (9.0.5.56)" id="{f10375a6-4893-de11-97d4-00155da3b01e}" />
        <Dependent key="107" type="60" displayName="Contact" parentDisplayName="Contact" id="{1fed44d1-ae68-4a41-bd2b-f13acac4acfa}" />
      </MissingDependency>
      <MissingDependency>
        <Required key="126" type="59" schemaName="Leads by Source (DOUGHNUT)" displayName="Leads by Source (DOUGHNUT)" parentSchemaName="lead" parentDisplayName="Prospect" solution="msdynce_LeadManagement (9.0.4.0066)" id="{d311600c-163a-e711-80e3-00155d42a416}" />
        <Dependent key="51" type="60" displayName="Leads Dashboard" parentDisplayName="Prospect" id="{9a14ebb4-143e-e711-80e1-00155d871bb4}" />
      </MissingDependency>
      <MissingDependency>
        <Required key="127" type="59" schemaName="Cases By Priority" displayName="Cases By Priority" parentSchemaName="incident" parentDisplayName="Service Request" solution="msdynce_Service (9.0.5.56)" id="{0f0fb995-9d6f-453c-b26d-8f443e42e676}" />
        <Dependent key="72" type="60" displayName="Cases Dashboard" parentDisplayName="Service Request" id="{eb3748b8-5f90-4050-a039-8b7d279ad8fe}" />
      </MissingDependency>
      <MissingDependency>
        <Required key="128" type="59" schemaName="Leads by Rating" displayName="Leads by Rating" parentSchemaName="lead" parentDisplayName="Prospect" solution="msdynce_LeadManagement (9.0.4.0066)" id="{f5976c58-5693-de11-97d4-00155da3b01e}" />
        <Dependent key="51" type="60" displayName="Leads Dashboard" parentDisplayName="Prospect" id="{9a14ebb4-143e-e711-80e1-00155d871bb4}" />
      </MissingDependency>
      <MissingDependency>
        <Required key="129" type="59" schemaName="Case Mix (By Origin)" displayName="Case Mix (By Origin)" parentSchemaName="incident" parentDisplayName="Service Request" solution="msdynce_Service (9.0.5.56)" id="{99782da3-a382-de11-9ff3-00155da3b012}" />
        <Dependent key="72" type="60" displayName="Cases Dashboard" parentDisplayName="Service Request" id="{eb3748b8-5f90-4050-a039-8b7d279ad8fe}" />
      </MissingDependency>
      <MissingDependency>
        <Required key="130" type="59" schemaName="Cases By Account" displayName="Cases By Account" parentSchemaName="incident" parentDisplayName="Service Request" solution="msdynce_Service (9.0.5.56)" id="{38872e4f-ac99-e511-80da-00155dc1b253}" />
        <Dependent key="72" type="60" displayName="Cases Dashboard" parentDisplayName="Service Request" id="{eb3748b8-5f90-4050-a039-8b7d279ad8fe}" />
      </MissingDependency>
      <MissingDependency>
        <Required key="131" type="59" schemaName="Leads by Owner (Tag Chart)" displayName="Leads by Owner (Tag Chart)" parentSchemaName="lead" parentDisplayName="Prospect" solution="msdynce_LeadManagement (9.0.4.0066)" id="{b92a5119-193a-e711-80e3-00155d42a416}" />
        <Dependent key="51" type="60" displayName="Leads Dashboard" parentDisplayName="Prospect" id="{9a14ebb4-143e-e711-80e1-00155d871bb4}" />
      </MissingDependency>
      <MissingDependency>
        <Required key="132" type="60" displayName="account contact card" parentDisplayName="Contact" solution="msdynce_AppCommon (9.0.4.0066)" id="{29de27bc-a257-4f29-99cf-bab4a84e688f}" />
        <Dependent key="117" type="60" displayName="Account" parentDisplayName="Member" id="{8448b78f-8f42-454e-8e2a-f8196b0419af}" />
      </MissingDependency>
      <MissingDependency>
        <Required key="132" type="60" displayName="account contact card" parentDisplayName="Contact" solution="msdynce_AppCommon (9.0.4.0066)" id="{29de27bc-a257-4f29-99cf-bab4a84e688f}" />
        <Dependent key="107" type="60" displayName="Contact" parentDisplayName="Contact" id="{1fed44d1-ae68-4a41-bd2b-f13acac4acfa}" />
      </MissingDependency>
      <MissingDependency>
        <Required key="112" type="60" displayName="Accounts Dashboard" parentDisplayName="Member" solution="msdynce_Service (9.0.5.56)" id="{15915835-b87c-49ec-9ffc-bfac3ac44ef1}" />
        <Dependent key="112" type="60" displayName="Accounts Dashboard" parentDisplayName="Member" id="{15915835-b87c-49ec-9ffc-bfac3ac44ef1}" />
      </MissingDependency>
      <MissingDependency>
        <Required key="16" type="60" displayName="Information" parentDisplayName="Contact" solution="msdynce_AppCommon (9.0.4.0066)" id="{894cc46a-b0cb-4ab0-8bf6-200544e46a2d}" />
        <Dependent key="16" type="60" displayName="Information" parentDisplayName="Contact" id="{894cc46a-b0cb-4ab0-8bf6-200544e46a2d}" />
      </MissingDependency>
      <MissingDependency>
        <Required key="105" type="60" displayName="Contacts Dashboard" parentDisplayName="Contact" solution="msdynce_Service (9.0.5.56)" id="{70ad8b15-e3f3-4d7d-9e4b-16cb4e51b484}" />
        <Dependent key="105" type="60" displayName="Contacts Dashboard" parentDisplayName="Contact" id="{70ad8b15-e3f3-4d7d-9e4b-16cb4e51b484}" />
      </MissingDependency>
      <MissingDependency>
        <Required key="18" type="60" displayName="Information" parentDisplayName="Prospect" solution="msdynce_LeadManagement (9.0.4.0066)" id="{9886ead0-4fcc-4747-9a18-08e7a9a6de71}" />
        <Dependent key="18" type="60" displayName="Information" parentDisplayName="Prospect" id="{9886ead0-4fcc-4747-9a18-08e7a9a6de71}" />
      </MissingDependency>
      <MissingDependency>
        <Required key="28" type="60" displayName="Information" parentDisplayName="Member" solution="msdynce_AppCommon (9.0.4.0066)" id="{b053a39a-041a-4356-acef-ddf00182762b}" />
        <Dependent key="28" type="60" displayName="Information" parentDisplayName="Member" id="{b053a39a-041a-4356-acef-ddf00182762b}" />
      </MissingDependency>
      <MissingDependency>
        <Required key="14" type="60" displayName="Information" parentDisplayName="Service Request" solution="msdynce_Service (9.0.5.56)" id="{f658c846-f74c-459b-b591-b97558958106}" />
        <Dependent key="14" type="60" displayName="Information" parentDisplayName="Service Request" id="{f658c846-f74c-459b-b591-b97558958106}" />
      </MissingDependency>
      <MissingDependency>
        <Required key="72" type="60" displayName="Cases Dashboard" parentDisplayName="Service Request" solution="msdynce_Service (9.0.5.56)" id="{eb3748b8-5f90-4050-a039-8b7d279ad8fe}" />
        <Dependent key="72" type="60" displayName="Cases Dashboard" parentDisplayName="Service Request" id="{eb3748b8-5f90-4050-a039-8b7d279ad8fe}" />
      </MissingDependency>
      <MissingDependency>
        <Required key="117" type="60" displayName="Account" parentDisplayName="Member" solution="msdynce_AppCommon (9.0.4.0066)" id="{8448b78f-8f42-454e-8e2a-f8196b0419af}" />
        <Dependent key="117" type="60" displayName="Account" parentDisplayName="Member" id="{8448b78f-8f42-454e-8e2a-f8196b0419af}" />
      </MissingDependency>
      <MissingDependency>
        <Required key="51" type="60" displayName="Leads Dashboard" parentDisplayName="Prospect" solution="msdynce_LeadManagement (9.0.4.0066)" id="{9a14ebb4-143e-e711-80e1-00155d871bb4}" />
        <Dependent key="51" type="60" displayName="Leads Dashboard" parentDisplayName="Prospect" id="{9a14ebb4-143e-e711-80e1-00155d871bb4}" />
      </MissingDependency>
      <MissingDependency>
        <Required key="133" type="60" displayName="Case" parentDisplayName="Service Request" solution="msdynce_Service (9.0.5.56)" id="{4a63c8d1-6c1e-48ec-9db4-3e6c7155334c}" />
        <Dependent key="133" type="60" displayName="Case" parentDisplayName="Service Request" id="{4a63c8d1-6c1e-48ec-9db4-3e6c7155334c}" />
      </MissingDependency>
      <MissingDependency>
        <Required key="107" type="60" displayName="Contact" parentDisplayName="Contact" solution="msdynce_AppCommon (9.0.4.0066)" id="{1fed44d1-ae68-4a41-bd2b-f13acac4acfa}" />
        <Dependent key="107" type="60" displayName="Contact" parentDisplayName="Contact" id="{1fed44d1-ae68-4a41-bd2b-f13acac4acfa}" />
      </MissingDependency>
      <MissingDependency>
        <Required key="134" type="60" displayName="Lead" parentDisplayName="Prospect" solution="msdynce_LeadManagement (9.0.4.0066)" id="{e3b6ddb7-8df0-4410-ac7b-fd32e5053d38}" />
        <Dependent key="134" type="60" displayName="Lead" parentDisplayName="Prospect" id="{e3b6ddb7-8df0-4410-ac7b-fd32e5053d38}" />
      </MissingDependency>
      <MissingDependency>
        <Required key="12" type="60" displayName="Sales Insights" parentDisplayName="Prospect" solution="SICommon (9.0.1.70227)" id="{e1ec2c0c-1744-42fa-a346-fb8237357d0f}" />
        <Dependent key="12" type="60" displayName="Sales Insights" parentDisplayName="Prospect" id="{e1ec2c0c-1744-42fa-a346-fb8237357d0f}" />
      </MissingDependency>
      <MissingDependency>
        <Required key="135" type="66" schemaName="MscrmControls.CardFeedContainer.CardFeedContainer" displayName="MscrmControls.CardFeedContainer.CardFeedContainer" solution="CustomControlsCore (9.1.0000.1646)" />
        <Dependent key="12" type="60" displayName="Sales Insights" parentDisplayName="Prospect" id="{e1ec2c0c-1744-42fa-a346-fb8237357d0f}" />
      </MissingDependency>
      <MissingDependency>
        <Required key="135" type="66" schemaName="MscrmControls.CardFeedContainer.CardFeedContainer" displayName="MscrmControls.CardFeedContainer.CardFeedContainer" solution="CustomControlsCore (9.1.0000.1646)" />
        <Dependent key="107" type="60" displayName="Contact" parentDisplayName="Contact" id="{1fed44d1-ae68-4a41-bd2b-f13acac4acfa}" />
      </MissingDependency>
      <MissingDependency>
        <Required key="136" type="66" schemaName="MscrmControls.TalkingPointsControl.TalkingPoints" displayName="MscrmControls.TalkingPointsControl.TalkingPoints" solution="msdynce_Talkingpoints (9.0.1.70244)" />
        <Dependent key="107" type="60" displayName="Contact" parentDisplayName="Contact" id="{1fed44d1-ae68-4a41-bd2b-f13acac4acfa}" />
      </MissingDependency>
      <MissingDependency>
        <Required key="137" type="61" schemaName="AppCommon/Contact/Contact_main_system_library.js" displayName="AppCommon/Contact/Contact_main_system_library.js" solution="msdynce_AppCommon (9.0.4.0066)" />
        <Dependent key="16" type="60" displayName="Information" parentDisplayName="Contact" id="{894cc46a-b0cb-4ab0-8bf6-200544e46a2d}" />
      </MissingDependency>
      <MissingDependency>
        <Required key="138" type="61" schemaName="LeadManagement/Lead/Lead_main_system_library.js" displayName="LeadManagement/Lead/Lead_main_system_library.js" solution="msdynce_LeadManagement (9.0.4.0066)" />
        <Dependent key="12" type="60" displayName="Sales Insights" parentDisplayName="Prospect" id="{e1ec2c0c-1744-42fa-a346-fb8237357d0f}" />
      </MissingDependency>
      <MissingDependency>
        <Required key="139" type="61" schemaName="msdyn_/ActivityFeeds.Form.js" displayName="msdyn_/ActivityFeeds.Form.js" solution="ActivityFeedsCore (9.0.0.0)" />
        <Dependent key="28" type="60" displayName="Information" parentDisplayName="Member" id="{b053a39a-041a-4356-acef-ddf00182762b}" />
      </MissingDependency>
      <MissingDependency>
        <Required key="139" type="61" schemaName="msdyn_/ActivityFeeds.Form.js" displayName="msdyn_/ActivityFeeds.Form.js" solution="ActivityFeedsCore (9.0.0.0)" />
        <Dependent key="18" type="60" displayName="Information" parentDisplayName="Prospect" id="{9886ead0-4fcc-4747-9a18-08e7a9a6de71}" />
      </MissingDependency>
      <MissingDependency>
        <Required key="139" type="61" schemaName="msdyn_/ActivityFeeds.Form.js" displayName="msdyn_/ActivityFeeds.Form.js" solution="ActivityFeedsCore (9.0.0.0)" />
        <Dependent key="14" type="60" displayName="Information" parentDisplayName="Service Request" id="{f658c846-f74c-459b-b591-b97558958106}" />
      </MissingDependency>
      <MissingDependency>
        <Required key="139" type="61" schemaName="msdyn_/ActivityFeeds.Form.js" displayName="msdyn_/ActivityFeeds.Form.js" solution="ActivityFeedsCore (9.0.0.0)" />
        <Dependent key="16" type="60" displayName="Information" parentDisplayName="Contact" id="{894cc46a-b0cb-4ab0-8bf6-200544e46a2d}" />
      </MissingDependency>
      <MissingDependency>
        <Required key="140" type="61" schemaName="MarketingSales/Lead/Lead_main_system_library.js" displayName="MarketingSales/Lead/Lead_main_system_library.js" solution="msdynce_MarketingSales (9.0.4.29)" />
        <Dependent key="12" type="60" displayName="Sales Insights" parentDisplayName="Prospect" id="{e1ec2c0c-1744-42fa-a346-fb8237357d0f}" />
      </MissingDependency>
      <MissingDependency>
        <Required key="141" type="61" schemaName="msdyn_talkingpointsloader.js" displayName="msdyn_talkingpointsloader.js" solution="msdynce_Talkingpoints (9.0.1.70244)" />
        <Dependent key="107" type="60" displayName="Contact" parentDisplayName="Contact" id="{1fed44d1-ae68-4a41-bd2b-f13acac4acfa}" />
      </MissingDependency>
      <MissingDependency>
        <Required key="142" type="61" schemaName="AppCommon/Account/Account_main_system_library.js" displayName="AppCommon/Account/Account_main_system_library.js" solution="msdynce_AppCommon (9.0.4.0066)" />
        <Dependent key="117" type="60" displayName="Account" parentDisplayName="Member" id="{8448b78f-8f42-454e-8e2a-f8196b0419af}" />
      </MissingDependency>
      <MissingDependency>
        <Required key="143" type="61" schemaName="msdyn_/RecordWall.htm" displayName="msdyn_/RecordWall.htm" solution="ActivityFeedsCore (9.0.0.0)" />
        <Dependent key="28" type="60" displayName="Information" parentDisplayName="Member" id="{b053a39a-041a-4356-acef-ddf00182762b}" />
      </MissingDependency>
      <MissingDependency>
        <Required key="143" type="61" schemaName="msdyn_/RecordWall.htm" displayName="msdyn_/RecordWall.htm" solution="ActivityFeedsCore (9.0.0.0)" />
        <Dependent key="18" type="60" displayName="Information" parentDisplayName="Prospect" id="{9886ead0-4fcc-4747-9a18-08e7a9a6de71}" />
      </MissingDependency>
      <MissingDependency>
        <Required key="143" type="61" schemaName="msdyn_/RecordWall.htm" displayName="msdyn_/RecordWall.htm" solution="ActivityFeedsCore (9.0.0.0)" />
        <Dependent key="14" type="60" displayName="Information" parentDisplayName="Service Request" id="{f658c846-f74c-459b-b591-b97558958106}" />
      </MissingDependency>
      <MissingDependency>
        <Required key="143" type="61" schemaName="msdyn_/RecordWall.htm" displayName="msdyn_/RecordWall.htm" solution="ActivityFeedsCore (9.0.0.0)" />
        <Dependent key="16" type="60" displayName="Information" parentDisplayName="Contact" id="{894cc46a-b0cb-4ab0-8bf6-200544e46a2d}" />
      </MissingDependency>
    </MissingDependencies>
  </SolutionManifest>
</ImportExportXml>